Allele,D3S1358,vWA,D16S539,CSF1PO,TPOX,D8S1179,D21S11,D18S51,D2S441,D19S433,TH01,FGA,D22S1045,D5S818,D13S317,D7S820,SE33,D10S1248,D1S1656,D12S391,D2S1338
5,0,0,0,0,0,0,0,0,0,0,0,0,0,0,0,0.004,0,0,0,0,0
6,0,0,0,0,0.002,0,0,0,0,0,0.237,0,0,0,0,0,0,0,0,0,0
6.3,0,0,0,0,0,0,0,0,0,0,0,0,0,0,0,0,0.004,0,0,0,0
7,0,0,0,0.002,0.002,0,0,0,0,0,0.322,0,0,0,0,0.008,0,0,0,0,0
7.1,0,0,0,0,0,0,0,0,0,0,0.002,0,0,0,0,0,0,0,0,0,0
7.3,0,0,0,0,0,0,0,0,0,0,0,0,0,0,0,0,0.002,0,0,0,0
8,0,0,0.049,0.015,0.436,0.004,0,0,0,0,0.165,0,0,0.038,0.155,0.163,0.002,0,0,0,0
9,0,0,0.14,0.032,0.275,0.002,0,0,0.011,0,0.199,0,0,0.051,0.053,0.142,0,0.03,0,0,0
9.3,0,0,0,0,0,0,0,0,0,0,0.064,0,0,0,0,0,0,0,0,0,0
10,0,0,0.072,0.265,0.091,0.025,0,0,0.061,0.004,0.011,0,0.004,0.114,0.051,0.341,0,0,0.004,0,0
10.1,0,0,0,0,0,0,0,0,0,0,0,0,0,0,0,0.002,0,0,0,0,0
11,0.004,0,0.337,0.294,0.182,0.081,0,0.008,0.218,0.025,0,0,0.095,0.25,0.258,0.191,0,0.015,0.034,0,0
11.2,0,0,0,0,0,0,0,0,0,0,0,0,0,0,0,0,0.006,0,0,0,0
11.3,0,0,0,0,0,0,0,0,0.125,0,0,0,0,0,0,0,0,0,0,0,0
12,0.002,0,0.248,0.307,0.011,0.138,0,0.133,0.083,0.148,0,0,0.051,0.375,0.318,0.133,0.011,0.123,0.072,0,0
12.1,0,0,0,0,0,0,0,0,0,0,0,0,0,0,0,0,0.002,0,0,0,0
12.2,0,0,0,0,0,0,0,0,0,0.002,0,0,0,0,0,0,0.002,0,0,0,0
12.3,0,0,0,0,0,0,0,0,0.015,0,0,0,0,0,0,0,0,0,0,0,0
13,0.004,0.002,0.123,0.081,0,0.161,0,0.095,0.042,0.214,0,0,0.006,0.155,0.133,0.015,0.017,0.237,0.083,0,0
13.2,0,0,0,0,0,0,0,0,0,0.044,0,0,0,0,0,0,0.008,0,0,0,0
14,0.066,0.074,0.03,0.004,0,0.242,0,0.106,0.364,0.28,0,0,0.047,0.017,0.03,0,0.025,0.294,0.153,0.028,0
14.2,0,0,0,0,0,0,0,0,0,0.061,0,0,0,0,0,0,0.004,0,0,0,0
15,0.258,0.144,0.002,0,0,0.29,0,0.097,0.081,0.078,0,0,0.472,0,0.002,0,0.017,0.212,0.176,0.036,0.002
15.2,0,0,0,0,0,0,0,0.013,0,0.078,0,0,0,0,0,0,0,0,0,0,0
15.3,0,0,0,0,0,0,0,0,0,0,0,0,0,0,0,0,0,0,0.019,0,0
16,0.284,0.278,0,0,0,0.053,0,0.127,0,0.034,0,0,0.254,0,0,0,0.061,0.059,0.195,0.019,0.032
16.2,0,0,0,0,0,0,0,0.028,0,0.025,0,0,0,0,0,0,0.004,0,0,0,0
16.3,0,0,0,0,0,0,0,0,0,0,0,0,0,0,0,0,0,0,0.112,0,0
17,0.292,0.25,0,0,0,0.004,0,0.097,0,0.004,0,0.006,0.061,0,0,0,0.089,0.025,0.057,0.182,0.176
17.2,0.002,0,0,0,0,0,0,0.008,0,0,0,0,0,0,0,0,0,0,0,0,0
17.3,0,0,0,0,0,0,0,0,0,0,0,0,0,0,0,0,0,0,0.047,0,0
18,0.076,0.159,0,0,0,0,0,0.11,0,0,0,0.006,0.008,0,0,0,0.074,0.004,0,0.242,0.131
18.2,0,0,0,0,0,0,0,0.008,0,0,0,0,0,0,0,0,0,0,0,0,0
18.3,0,0,0,0,0,0,0,0,0,0,0,0,0,0,0,0,0,0,0.038,0.006,0
19,0.011,0.07,0,0,0,0,0,0.104,0,0,0,0.047,0,0,0,0,0.07,0,0,0.112,0.161
19.2,0,0,0,0,0,0,0,0.002,0,0,0,0,0,0,0,0,0,0,0,0,0
19.3,0,0,0,0,0,0,0,0,0,0,0,0,0,0,0,0,0,0,0.008,0,0
20,0,0.023,0,0,0,0,0,0.038,0,0,0,0.083,0,0,0,0,0.047,0,0,0.072,0.153
20.3,0,0,0,0,0,0,0,0,0,0,0,0,0,0,0,0,0,0,0.002,0,0
21,0,0,0,0,0,0,0,0.015,0,0,0,0.087,0,0,0,0,0.019,0,0,0.095,0.061
21.2,0,0,0,0,0,0,0,0,0,0,0,0,0,0,0,0,0.008,0,0,0,0
22,0,0,0,0,0,0,0,0.004,0,0,0,0.18,0,0,0,0,0.008,0,0,0.087,0.112
22.2,0,0,0,0,0,0,0,0,0,0,0,0,0,0,0,0,0.008,0,0,0,0
23,0,0,0,0,0,0,0,0.004,0,0,0,0.153,0,0,0,0,0.002,0,0,0.072,0.081
23.2,0,0,0,0,0,0,0,0,0,0,0,0,0,0,0,0,0.015,0,0,0,0
24,0,0,0,0,0,0,0,0,0,0,0,0.169,0,0,0,0,0,0,0,0.028,0.038
24.2,0,0,0,0,0,0,0,0,0,0,0,0,0,0,0,0,0.021,0,0,0,0
25,0,0,0,0,0,0,0,0,0,0,0,0.104,0,0,0,0,0,0,0,0.017,0.023
25.2,0,0,0,0,0,0,0,0,0,0,0,0,0,0,0,0,0.049,0,0,0,0
26,0,0,0,0,0,0,0,0,0,0,0,0.057,0,0,0,0,0,0,0,0.004,0.028
26.1,0,0,0,0,0,0,0,0,0,0,0,0.002,0,0,0,0,0,0,0,0,0
26.2,0,0,0,0,0,0,0,0,0,0,0,0,0,0,0,0,0.059,0,0,0,0
27,0,0,0,0,0,0,0.023,0,0,0,0,0.025,0,0,0,0,0,0,0,0,0.002
27.2,0,0,0,0,0,0,0,0,0,0,0,0,0,0,0,0,0.038,0,0,0,0
28,0,0,0,0,0,0,0.114,0,0,0,0,0.051,0,0,0,0,0,0,0,0,0
28.2,0,0,0,0,0,0,0,0,0,0,0,0,0,0,0,0,0.093,0,0,0,0
29,0,0,0,0,0,0,0.231,0,0,0,0,0.015,0,0,0,0,0,0,0,0,0
29.2,0,0,0,0,0,0,0.004,0,0,0,0,0,0,0,0,0,0.081,0,0,0,0
30,0,0,0,0,0,0,0.267,0,0,0,0,0.013,0,0,0,0,0,0,0,0,0
30.2,0,0,0,0,0,0,0.008,0,0,0,0,0,0,0,0,0,0.036,0,0,0,0
31,0,0,0,0,0,0,0.051,0,0,0,0,0,0,0,0,0,0.002,0,0,0,0
31.2,0,0,0,0,0,0,0.051,0,0,0,0,0,0,0,0,0,0.049,0,0,0,0
32,0,0,0,0,0,0,0.011,0,0,0,0,0,0,0,0,0,0.002,0,0,0,0
32.2,0,0,0,0,0,0,0.125,0,0,0,0,0,0,0,0,0,0.023,0,0,0,0
33,0,0,0,0,0,0,0.004,0,0,0,0,0,0,0,0,0,0.008,0,0,0,0
33.2,0,0,0,0,0,0,0.038,0,0,0,0,0,0,0,0,0,0.006,0,0,0,0
34,0,0,0,0,0,0,0.011,0,0,0,0,0,0,0,0,0,0.008,0,0,0,0
34.2,0,0,0,0,0,0,0.008,0,0,0,0,0,0,0,0,0,0,0,0,0,0
35,0,0,0,0,0,0,0.032,0,0,0,0,0,0,0,0,0,0.004,0,0,0,0
36,0,0,0,0,0,0,0.015,0,0,0,0,0,0,0,0,0,0.006,0,0,0,0
37,0,0,0,0,0,0,0.006,0,0,0,0,0,0,0,0,0,0.004,0,0,0,0
41.2,0,0,0,0,0,0,0,0,0,0,0,0.002,0,0,0,0,0,0,0,0,0
