Allele,D3S1358,vWA,D16S539,CSF1PO,TPOX,Y indel,D8S1179,D21S11,D18S51,DYS391,D2S441,D19S433,TH01,FGA,D22S1045,D5S818,D13S317,D7S820,SE33,D10S1248,D1S1656,D12S391,D2S1338,PENTA E,PENTA D,0
1,0,0,0,0,0,0.0091,0,0,0,0,0,0,0,0,0,0,0,0,0,0,0,0,0,0,0,0
2,0,0,0,0,0,0.9909,0,0,0,0,0,0,0,0,0,0,0,0,0,0,0,0,0,0,0,0
2.2,0,0,0,0,0,0,0,0,0,0,0,0,0,0,0,0,0,0,0,0,0,0,0,0,0.122,0
3.2,0,0,0,0,0,0,0,0,0,0,0,0,0,0,0,0,0,0,0,0,0,0,0,0,0.0072,0
4.2,0,0,0,0,0,0,0,0,0,0,0,0,0,0,0,0,0,0,0,0,0,0,0,0,0,0
5,0,0,0,0,0,0,0,0,0,0,0,0,0,0,0,0,0,0,0,0,0,0,0,0.1268,0.0478,0
6,0,0,0,0,0.0865,0,0,0,0,0,0,0,0.11,0,0,0,0,0,0,0,0,0,0,0.0024,0.0048,0
6.4,0,0,0,0,0,0,0,0,0,0,0,0,0,0,0,0,0,0,0,0,0,0,0,0,0.0024,0
7,0,0,0,0.0431,0.0216,0,0,0,0,0,0,0,0.4426,0,0,0.0024,0,0.0072,0,0,0,0,0,0.1124,0.0263,0
8,0,0,0.0361,0.0861,0.3678,0,0.0024,0,0,0,0.0024,0,0.1842,0,0,0.0502,0.0335,0.1746,0,0.0024,0,0,0,0.1627,0.1292,0
8.3,0,0,0,0,0,0,0,0,0,0,0,0,0,0,0,0,0,0,0,0,0,0,0,0,0,0
9,0.0048,0,0.1971,0.0311,0.1827,0,0.0072,0,0.0024,0.0182,0.0024,0,0.1459,0,0,0.0167,0.0287,0.1579,0,0,0,0,0,0.0407,0.1507,0
9.1,0,0,0,0,0,0,0,0,0,0,0,0,0,0,0,0,0,0,0,0,0,0,0,0,0,0
9.3,0,0,0,0,0,0,0,0,0,0,0,0,0.1053,0,0,0,0,0,0,0,0,0,0,0,0,0
10,0,0,0.1106,0.2703,0.0913,0,0.0263,0,0.0048,0.7273,0.1148,0.0144,0.012,0,0.0431,0.0622,0.0431,0.3254,0,0.0096,0.012,0,0,0.0478,0.1292,0
10.2,0,0,0,0,0,0,0,0,0,0,0,0,0,0,0,0,0,0,0,0,0,0,0,0,0,0
10.3,0,0,0,0,0,0,0,0,0,0,0,0,0,0,0,0,0,0,0,0,0,0,0,0,0,0
11,0,0.0024,0.2933,0.2057,0.226,0,0.0407,0,0.0048,0.2455,0.3852,0.0742,0,0,0.1388,0.2656,0.2584,0.2225,0,0.0502,0.055,0,0,0.0766,0.1292,0
11.2,0,0,0,0,0,0,0,0,0,0,0,0,0,0,0,0,0,0,0.0024,0,0,0,0,0,0,0
11.3,0,0,0,0,0,0,0,0,0,0,0.0359,0,0,0,0,0,0,0,0,0,0,0,0,0,0,0
12,0.0024,0,0.1875,0.3014,0.024,0,0.1172,0,0.0529,0.0091,0.1746,0.1029,0,0,0.0383,0.3565,0.4641,0.0885,0.0048,0.1005,0.067,0,0,0.1053,0.1292,0
12.2,0,0,0,0,0,0,0,0,0,0,0,0.0694,0,0,0,0,0,0,0.0024,0,0,0,0,0,0,0
12.3,0,0,0,0,0,0,0,0,0,0,0.0072,0,0,0,0,0,0,0,0,0,0,0,0,0,0,0
13,0.012,0.0096,0.1659,0.055,0,0,0.2201,0,0.0553,0,0.0311,0.2799,0,0,0.0024,0.2392,0.1292,0.0191,0.0144,0.2153,0.1124,0,0,0.1244,0.0813,0
13.2,0,0,0,0,0,0,0,0,0.0072,0,0,0.0478,0,0,0,0,0,0,0.0048,0,0,0,0,0,0,0
13.3,0,0,0,0,0,0,0,0,0,0,0,0,0,0,0,0,0,0,0,0,0,0,0,0,0,0
14,0.122,0.067,0.0096,0.0072,0,0,0.3278,0,0.0625,0,0.2249,0.1938,0,0,0.1124,0.0048,0.0407,0.0048,0.0529,0.2919,0.2488,0,0,0.055,0.0287,0
14.2,0,0,0,0,0,0,0,0,0,0,0,0.0646,0,0,0,0,0,0,0.0024,0,0,0,0,0,0,0
14.3,0,0,0,0,0,0,0,0,0,0,0,0,0,0,0,0,0,0,0,0,0.0048,0,0,0,0,0
15,0.2895,0.2321,0,0,0,0,0.2057,0,0.1827,0,0.0215,0.0502,0,0,0.1962,0,0.0024,0,0.0457,0.2105,0.1579,0.0813,0,0.0502,0.0096,0
15.2,0,0,0,0,0,0,0,0,0,0,0,0.0526,0,0,0,0,0,0,0.0048,0,0,0,0,0,0,0
15.3,0,0,0,0,0,0,0,0,0,0,0,0,0,0,0,0,0,0,0,0,0.0263,0,0,0,0,0
16,0.3062,0.2679,0,0,0,0,0.0455,0,0.1899,0,0,0.0191,0,0,0.2129,0,0,0,0.0577,0.1005,0.0909,0.0502,0.0502,0.0239,0,0
16.1,0,0,0,0,0,0,0,0,0,0,0,0,0,0.0024,0,0,0,0,0,0,0.0024,0,0,0,0,0
16.2,0,0,0,0,0,0,0,0,0,0,0,0.0215,0,0,0,0,0,0,0,0,0,0,0,0,0,0
16.3,0,0,0,0,0,0,0,0,0,0,0,0,0,0,0,0,0,0,0,0,0.0909,0,0,0,0,0
16.4,0,0,0,0,0,0,0,0,0,0,0,0,0,0,0,0,0,0,0,0,0,0,0,0,0,0
17,0.201,0.1842,0,0,0,0,0.0072,0,0.1659,0,0,0.0024,0,0,0.2344,0.0024,0,0,0.0625,0.0191,0.0407,0.1483,0.1005,0.0383,0.0024,0
17.1,0,0,0,0,0,0,0,0,0,0,0,0,0,0,0,0,0,0,0,0,0,0.0024,0,0,0,0
17.2,0,0,0,0,0,0,0,0,0,0,0,0.0048,0,0.0024,0,0,0,0,0.0024,0,0,0,0,0,0,0
17.3,0,0,0,0,0,0,0,0,0,0,0,0,0,0,0,0,0,0,0,0,0.067,0.0024,0,0,0,0
18,0.055,0.1388,0,0,0,0,0,0,0.1154,0,0,0,0,0.0072,0.0144,0,0,0,0.1635,0,0.0072,0.2225,0.0574,0.0144,0,0
18.2,0,0,0,0,0,0,0,0,0,0,0,0.0024,0,0.012,0,0,0,0,0,0,0,0,0,0,0,0
18.3,0,0,0,0,0,0,0,0,0,0,0,0,0,0,0,0,0,0,0,0,0.012,0.0072,0,0,0,0
19,0.0048,0.0742,0,0,0,0,0,0,0.0769,0,0,0,0,0.0598,0.0072,0,0,0,0.137,0,0,0.1531,0.1483,0.0048,0,0
19.1,0,0,0,0,0,0,0,0,0,0,0,0,0,0,0,0,0,0,0,0,0,0.0072,0,0,0,0
19.2,0,0,0,0,0,0,0,0,0,0,0,0,0,0.0024,0,0,0,0,0,0,0,0,0,0,0,0
19.3,0,0,0,0,0,0,0,0,0,0,0,0,0,0,0,0,0,0,0,0,0.0048,0,0,0,0,0
20,0.0024,0.0239,0,0,0,0,0,0,0.0553,0,0,0,0,0.0718,0,0,0,0,0.0962,0,0,0.1124,0.0622,0.0072,0,0
20.2,0,0,0,0,0,0,0,0,0,0,0,0,0,0,0,0,0,0,0.0024,0,0,0,0,0,0,0
20.3,0,0,0,0,0,0,0,0,0,0,0,0,0,0,0,0,0,0,0,0,0,0,0,0,0,0
21,0,0,0,0,0,0,0,0,0.0144,0,0,0,0,0.1292,0,0,0,0,0.0481,0,0,0.0742,0.1555,0.0072,0,0
21.2,0,0,0,0,0,0,0,0,0,0,0,0,0,0,0,0,0,0,0.0048,0,0,0,0,0,0,0
22,0,0,0,0,0,0,0,0,0.0048,0,0,0,0,0.2225,0,0,0,0,0.012,0,0,0.0646,0.1411,0,0,0
22.2,0,0,0,0,0,0,0,0,0,0,0,0,0,0.0048,0,0,0,0,0.0144,0,0,0,0,0,0,0
23,0,0,0,0,0,0,0,0,0.0048,0,0,0,0,0.1268,0,0,0,0,0.0024,0,0,0.0383,0.0981,0,0,0
23.2,0,0,0,0,0,0,0,0,0,0,0,0,0,0,0,0,0,0,0.0072,0,0,0,0,0,0,0
24,0,0,0,0,0,0,0,0,0,0,0,0,0,0.1746,0,0,0,0,0,0,0,0.0263,0.0933,0,0,0
24.2,0,0,0,0,0,0,0,0.0024,0,0,0,0,0,0,0,0,0,0,0.0168,0,0,0,0,0,0,0
24.3,0,0,0,0,0,0,0,0.0024,0,0,0,0,0,0,0,0,0,0,0,0,0,0,0,0,0,0
25,0,0,0,0,0,0,0,0,0,0,0,0,0,0.0957,0,0,0,0,0,0,0,0.0048,0.0694,0,0,0
25.2,0,0,0,0,0,0,0,0,0,0,0,0,0,0,0,0,0,0,0.0288,0,0,0,0,0,0,0
26,0,0,0,0,0,0,0,0.0024,0,0,0,0,0,0.0359,0,0,0,0,0,0,0,0.0048,0.0239,0,0,0
26.2,0,0,0,0,0,0,0,0,0,0,0,0,0,0,0,0,0,0,0.0385,0,0,0,0,0,0,0
27,0,0,0,0,0,0,0,0.0574,0,0,0,0,0,0.0239,0,0,0,0,0,0,0,0,0,0,0,0
27.2,0,0,0,0,0,0,0,0,0,0,0,0,0,0,0,0,0,0,0.0505,0,0,0,0,0,0,0
28,0,0,0,0,0,0,0,0.2249,0,0,0,0,0,0.0144,0,0,0,0,0.0024,0,0,0,0,0,0,0
28.2,0,0,0,0,0,0,0,0,0,0,0,0,0,0,0,0,0,0,0.0385,0,0,0,0,0,0,0
29,0,0,0,0,0,0,0,0.1842,0,0,0,0,0,0.0048,0,0,0,0,0,0,0,0,0,0,0,0
29.2,0,0,0,0,0,0,0,0,0,0,0,0,0,0,0,0,0,0,0.024,0,0,0,0,0,0,0
29.3,0,0,0,0,0,0,0,0.0024,0,0,0,0,0,0,0,0,0,0,0,0,0,0,0,0,0,0
30,0,0,0,0,0,0,0,0.1818,0,0,0,0,0,0.0024,0,0,0,0,0.0024,0,0,0,0,0,0,0
30.2,0,0,0,0,0,0,0,0.0096,0,0,0,0,0,0.0024,0,0,0,0,0.0337,0,0,0,0,0,0,0
31,0,0,0,0,0,0,0,0.0909,0,0,0,0,0,0.0024,0,0,0,0,0,0,0,0,0,0,0,0
31.2,0,0,0,0,0,0,0,0.067,0,0,0,0,0,0,0,0,0,0,0.012,0,0,0,0,0,0,0
32,0,0,0,0,0,0,0,0.0096,0,0,0,0,0,0,0,0,0,0,0,0,0,0,0,0,0,0
32.2,0,0,0,0,0,0,0,0.0646,0,0,0,0,0,0,0,0,0,0,0.0072,0,0,0,0,0,0,0
33,0,0,0,0,0,0,0,0.0072,0,0,0,0,0,0,0,0,0,0,0,0,0,0,0,0,0,0
33.2,0,0,0,0,0,0,0,0.0383,0,0,0,0,0,0,0,0,0,0,0,0,0,0,0,0,0,0
34,0,0,0,0,0,0,0,0.0072,0,0,0,0,0,0,0,0,0,0,0,0,0,0,0,0,0,0
34.2,0,0,0,0,0,0,0,0.0024,0,0,0,0,0,0,0,0,0,0,0,0,0,0,0,0,0,0
35,0,0,0,0,0,0,0,0.0335,0,0,0,0,0,0,0,0,0,0,0,0,0,0,0,0,0,0
35.2,0,0,0,0,0,0,0,0,0,0,0,0,0,0,0,0,0,0,0,0,0,0,0,0,0,0
36,0,0,0,0,0,0,0,0.0048,0,0,0,0,0,0,0,0,0,0,0,0,0,0,0,0,0,0
37,0,0,0,0,0,0,0,0.0048,0,0,0,0,0,0,0,0,0,0,0,0,0,0,0,0,0,0
38,0,0,0,0,0,0,0,0.0024,0,0,0,0,0,0,0,0,0,0,0,0,0,0,0,0,0,0
42.2,0,0,0,0,0,0,0,0,0,0,0,0,0,0,0,0,0,0,0,0,0,0,0,0,0,0
43.2,0,0,0,0,0,0,0,0,0,0,0,0,0,0,0,0,0,0,0,0,0,0,0,0,0,0
44.2,0,0,0,0,0,0,0,0,0,0,0,0,0,0.0024,0,0,0,0,0,0,0,0,0,0,0,0
45.2,0,0,0,0,0,0,0,0,0,0,0,0,0,0,0,0,0,0,0,0,0,0,0,0,0,0
46.2,0,0,0,0,0,0,0,0,0,0,0,0,0,0,0,0,0,0,0,0,0,0,0,0,0,0
47.2,0,0,0,0,0,0,0,0,0,0,0,0,0,0,0,0,0,0,0,0,0,0,0,0,0,0
48.2,0,0,0,0,0,0,0,0,0,0,0,0,0,0,0,0,0,0,0,0,0,0,0,0,0,0
50.2,0,0,0,0,0,0,0,0,0,0,0,0,0,0,0,0,0,0,0,0,0,0,0,0,0,0
51.2,0,0,0,0,0,0,0,0,0,0,0,0,0,0,0,0,0,0,0,0,0,0,0,0,0,0
0,0,0,0,0,0,0,0,0,0,0,0,0,0,0,0,0,0,0,0,0,0,0,0,0,0,0
0,0,0,0,0,0,0,0,0,0,0,0,0,0,0,0,0,0,0,0,0,0,0,0,0,0,0
0,0,0,0,0,0,0,0,0,0,0,0,0,0,0,0,0,0,0,0,0,0,0,0,0,0,0
0,0,0,0,0,0,0,0,0,0,0,0,0,0,0,0,0,0,0,0,0,0,0,0,0,0,0
0,0,0,0,0,0,0,0,0,0,0,0,0,0,0,0,0,0,0,0,0,0,0,0,0,0,0
