Allele,CSF1PO,D2S1338,D3S1358,D5S818,D7S820,D8S1179,D13S317,D16S539,D18S51,D19S433,D21S11,FGA,TH01,TPOX,vWA
5,0,0,0,0,0,0,0,0,0,0,0,0,0.0009,0,0
6,0,0,0,0,0,0,0,0,0,0,0,0,0.2229,0.0004,0
7,0.0009,0,0,0.0076,0.0167,0.0009,0.0004,0.0004,0,0,0,0,0.1484,0.0013,0
8,0.0013,0,0,0.0013,0.1509,0.0197,0.1261,0.0242,0,0,0,0,0.1063,0.5739,0
9,0.0382,0,0,0.0528,0.1536,0.0228,0.0803,0.1113,0,0.0004,0,0,0.1969,0.0824,0
9.1,0,0,0,0,0.0005,0,0,0,0,0,0,0,0,0,0
9.3,0,0,0,0,0,0,0.0004,0,0,0,0,0,0.3112,0,0
10,0.2776,0,0,0.0809,0.2936,0.0815,0.0552,0.0507,0.0094,0,0,0,0.0126,0.0676,0
10.3,0,0,0,0,0,0,0,0,0,0,0,0,0.0004,0,0
11,0.2817,0,0.0013,0.3211,0.2164,0.0721,0.3407,0.2819,0.0153,0.0054,0,0,0.0004,0.2498,0
11.1,0,0,0,0,0.0018,0,0,0,0,0,0,0,0,0,0
11.2,0,0,0,0,0,0,0,0,0,0.0004,0,0,0,0,0
12,0.3167,0,0,0.3502,0.1369,0.162,0.2531,0.298,0.093,0.096,0,0,0,0.0242,0
12.2,0,0,0,0,0,0,0,0,0,0.0013,0,0,0,0,0
13,0.0674,0.0004,0.0031,0.1691,0.0266,0.3111,0.0974,0.1943,0.1096,0.2511,0,0,0,0.0004,0.0031
13.2,0,0,0,0,0,0,0,0,0,0.0179,0,0,0,0,0
14,0.0148,0,0.1168,0.0143,0.0027,0.2099,0.0444,0.0346,0.1608,0.3417,0,0,0,0,0.0932
14.2,0,0,0,0,0,0,0,0,0,0.0193,0,0,0,0,0
15,0.0013,0.0013,0.2601,0.0027,0.0005,0.0927,0.0018,0.0045,0.1824,0.1498,0,0,0,0,0.1102
15.2,0,0,0,0,0,0,0,0,0,0.0422,0,0,0,0,0
16,0,0.0436,0.2645,0,0,0.0237,0,0,0.1491,0.039,0,0.0005,0,0,0.185
16.2,0,0,0,0,0,0,0,0,0,0.0215,0,0,0,0,0
17,0,0.1855,0.218,0,0,0.0031,0,0,0.1262,0.004,0,0.0005,0,0,0.2666
17.2,0,0,0,0,0,0,0,0,0,0.0054,0,0,0,0,0
18,0,0.0854,0.1267,0,0,0.0004,0,0,0.0746,0,0,0.015,0,0,0.2348
18.2,0,0,0,0,0,0,0,0,0,0.004,0,0,0,0,0
19,0,0.1321,0.0081,0,0,0,0,0,0.0364,0,0,0.0865,0,0,0.0936
20,0,0.1509,0.0009,0,0,0,0,0,0.0229,0,0,0.1444,0,0,0.0134
20.2,0,0,0,0,0,0,0,0,0,0,0,0.0009,0,0,0
21,0,0.0413,0.0004,0,0,0,0,0,0.0108,0,0,0.1771,0,0,0
21.2,0,0,0,0,0,0,0,0,0,0,0,0.0018,0,0,0
21.3,0,0,0,0,0,0,0,0,0,0,0,0.0005,0,0,0
22,0.022,0.022,0,0,0,0,0,0,0.0049,0.0004,0,0.1753,0,0,0
22.2,0,0,0,0,0,0,0,0,0,0,0,0.0091,0,0,0
22.3,0,0,0,0,0,0,0,0,0,0,0,0.0005,0,0,0
23,0.0889,0.0889,0,0,0,0,0,0,0.004,0,0,0.1334,0,0,0
23.2,0,0,0,0,0,0,0,0,0,0,0,0.0068,0,0,0
24,0,0.0997,0,0,0,0,0,0,0.0004,0,0,0.1389,0,0,0
24.2,0,0,0,0,0,0,0,0,0,0,0.0004,0.0023,0,0,0
25,0,0.1208,0,0,0,0,0,0,0,0,0.0004,0.0811,0,0,0
26,0,0.0225,0,0,0,0,0,0,0,0,0.0022,0.0209,0,0,0
27,0,0.0022,0,0,0,0,0,0,0,0,0.0206,0.0041,0,0,0
27.2,0,0,0,0,0,0,0,0,0,0,0.0004,0,0,0,0
28,0,0.0022,0,0,0,0,0,0,0,0,0.149,0,0,0,0
28.2,0,0,0,0,0,0,0,0,0,0,0.0004,0,0,0,0
29,0,0,0,0,0,0,0,0,0,0,0.1939,0.0005,0,0,0
29.2,0,0,0,0,0,0,0,0,0,0,0.0009,0,0,0,0
30,0,0.0009,0,0,0,0,0,0,0,0,0.2401,0,0,0,0
30.2,0,0,0,0,0,0,0,0,0,0,0.0682,0,0,0,0
30.3,0,0,0,0,0,0,0,0,0,0,0.0004,0,0,0,0
31,0,0,0,0,0,0,0,0,0,0,0.0655,0,0,0,0
31.2,0,0,0,0,0,0,0,0,0,0,0.0907,0,0,0,0
32,0,0,0,0,0,0,0,0,0,0,0.0103,0,0,0,0
32.2,0,0,0,0,0,0,0,0,0,0,0.1136,0,0,0,0
33,0,0,0,0,0,0,0,0,0,0,0.0013,0,0,0,0
33.2,0,0,0,0,0,0,0,0,0,0,0.0368,0,0,0,0
33.3,0,0,0,0,0,0,0,0,0,0,0.0004,0,0,0,0
34.2,0,0,0,0,0,0,0,0,0,0,0.004,0,0,0,0
,,,,,,,,,,,,,,,
N,1113,1113,1117,1118,1107,1117,1114,1114,1113,1115,1114,1098,1115,1117,1116
