Allele,CSF1PO,D10S1248,D12S391,D13S317,D16S539,D18S51,D19S433,D1S1656,D21S11,D22S1045,D2S1338,D2S441,D3S1358,D5S818,D6S1043,D7S820,D8S1179,F13A01,F13B,FESFPS,FGA,LPL,Penta C,Penta D,Penta E,SE33,TH01,TPOX,vWA,DYS391,DYS570,DYS576,Yindel
2.2,0,0,0,0,0,0,0,0,0,0,0,0,0,0,0,0,0,0,0,0,0,0,0,0,0,0,0,0,0,0,0,0,0
3.2,0,0,0,0,0,0,0,0,0,0,0,0,0,0,0,0,0,0.309278351,0,0,0,0,0,0,0,0,0,0,0,0,0,0,0
4,0,0,0,0,0,0,0,0,0,0,0,0,0,0,0,0,0,0.12371134,0,0,0,0,0,0,0,0,0,0,0,0,0,0,0
4.2,0,0,0,0,0,0,0,0,0,0,0,0,0,0,0,0,0,0,0,0,0,0,0,0,0,0,0,0,0,0,0,0,0
5,0,0,0,0,0,0,0,0,0,0,0,0,0,0,0,0,0,0.06185567,0,0,0,0,0.025773196,0,0.072164948,0,0,0,0,0,0,0,0
6,0,0,0,0,0,0,0,0,0,0,0,0,0,0,0,0,0,0.489690722,0.015463918,0,0,0,0,0.010309278,0,0,0.170103093,0,0,0,0,0,0
6.3,0,0,0,0,0,0,0,0,0,0,0,0,0,0,0,0,0,0,0,0,0,0,0,0,0,0,0,0,0,0,0,0,0
7,0.020618557,0,0,0,0,0,0,0,0,0,0,0,0,0.015463918,0,0.005154639,0,0.015463918,0.005154639,0,0,0.005154639,0.005154639,0,0,0,0.268041237,0,0,0,0,0,0
8,0,0,0,0.216494845,0,0,0,0,0,0,0,0.005154639,0,0.005154639,0,0.134020619,0,0,0.046391753,0,0,0,0.067010309,0.005154639,0.005154639,0,0.072164948,0.546391753,0,0,0,0,0
8.1,0,0,0,0,0,0,0,0,0,0,0,0,0,0,0,0,0,0,0,0,0,0,0,0,0,0,0,0,0,0,0,0,0
9,0.067010309,0,0,0.144329897,0.355670103,0,0,0,0,0,0,0,0,0.097938144,0,0.046391753,0,0,0.195876289,0.015463918,0,0.005154639,0.355670103,0.31443299,0.025773196,0,0.443298969,0.082474227,0,0,0,0,0
9.1,0,0,0,0,0,0,0,0,0,0,0,0.005154639,0,0,0,0,0,0,0,0,0,0,0,0,0,0,0,0,0,0,0,0,0
9.3,0,0,0,0,0,0,0,0,0,0,0,0,0,0,0,0,0,0,0,0,0,0,0,0,0,0,0.041237113,0,0,0,0,0,0
10,0.201030928,0.005154639,0,0.103092784,0.164948454,0,0,0,0,0,0,0.268041237,0,0.226804124,0.030927835,0.262886598,0.12371134,0,0.731958763,0.092783505,0,0.644329897,0.067010309,0.18556701,0.06185567,0,0.005154639,0.030927835,0,0,0,0,0
10.1,0,0,0,0,0,0,0,0,0,0,0,0,0,0,0,0,0,0,0,0,0,0,0,0,0,0,0,0,0,0,0,0,0
10.2,0,0,0,0,0,0,0,0,0,0,0,0,0,0,0,0,0,0,0,0,0,0,0,0,0,0,0,0,0,0,0,0,0
10.3,0,0,0,0,0,0,0,0,0,0,0,0,0,0,0,0,0,0,0,0.005154639,0,0,0,0,0,0,0,0,0,0,0,0,0
11,0.216494845,0,0,0.268041237,0.190721649,0,0,0.030927835,0,0.201030928,0,0.350515464,0,0.273195876,0.149484536,0.350515464,0.118556701,0,0.005154639,0.360824742,0,0.118556701,0.31443299,0.180412371,0.159793814,0,0,0.293814433,0,0,0,0,0
11.2,0,0,0,0,0,0,0,0,0,0,0,0,0,0,0,0,0,0,0,0,0,0,0,0,0,0,0,0,0,0,0,0,0
11.3,0,0,0,0,0,0,0,0,0,0,0,0.030927835,0,0,0,0,0,0,0,0,0,0,0,0,0,0,0,0,0,0,0,0,0
12,0.386597938,0.087628866,0,0.211340206,0.175257732,0.036082474,0.036082474,0.046391753,0,0.005154639,0,0.216494845,0,0.206185567,0.12371134,0.175257732,0.118556701,0,0,0.309278351,0,0.211340206,0.144329897,0.180412371,0.092783505,0,0,0.046391753,0,0,0,0,0
12.2,0,0,0,0,0,0,0.025773196,0,0,0,0,0,0,0,0,0,0,0,0,0,0,0,0,0,0,0,0,0,0,0,0,0,0
12.3,0,0,0,0,0,0,0,0,0,0,0,0.005154639,0,0,0.005154639,0,0,0,0,0,0,0,0,0,0,0,0,0,0,0,0,0,0
13,0.087628866,0.319587629,0,0.056701031,0.097938144,0.216494845,0.283505155,0.134020619,0,0,0,0.025773196,0,0.159793814,0.12371134,0.025773196,0.201030928,0,0,0.195876289,0,0.015463918,0.015463918,0.103092784,0.051546392,0,0,0,0,0,0,0,0
13.2,0,0,0,0,0,0,0.020618557,0,0,0,0,0,0,0,0,0,0,0,0,0,0,0,0,0,0,0,0,0,0,0,0,0,0
13.3,0,0,0,0,0,0,0,0,0,0,0,0,0,0,0,0,0,0,0,0,0,0,0,0,0,0,0,0,0,0,0,0,0
13.4,0,0,0,0,0,0,0,0,0,0,0,0,0,0,0,0,0,0,0,0,0,0,0,0,0,0,0,0,0,0,0,0,0
14,0.015463918,0.25257732,0,0,0.015463918,0.237113402,0.298969072,0.06185567,0,0.010309278,0,0.082474227,0.025773196,0.015463918,0.154639175,0,0.201030928,0,0,0.020618557,0,0,0.005154639,0.010309278,0.051546392,0,0,0,0.195876289,0,0,0,0
14.2,0,0,0,0,0,0,0.103092784,0,0,0,0,0,0,0,0,0,0,0,0,0,0,0,0,0,0,0,0,0,0,0,0,0,0
14.3,0,0,0,0,0,0,0,0,0,0,0,0,0,0,0,0,0,0,0,0,0,0,0,0,0,0,0,0,0,0,0,0,0
15,0.005154639,0.206185567,0.041237113,0,0,0.180412371,0.06185567,0.278350515,0,0.309278351,0,0.010309278,0.365979381,0,0.036082474,0,0.128865979,0,0,0,0,0,0,0.010309278,0.113402062,0.010309278,0,0,0.020618557,0,0,0,0
15.2,0,0,0,0,0,0,0.12371134,0,0,0,0,0,0,0,0,0,0,0,0,0,0,0,0,0,0,0,0,0,0,0,0,0,0
15.3,0,0,0,0,0,0,0,0,0,0,0,0,0,0,0,0,0,0,0,0,0,0,0,0,0,0,0,0,0,0,0,0,0
15.4,0,0,0,0,0,0,0,0,0,0,0,0,0,0,0,0,0,0,0,0,0,0,0,0,0,0,0,0,0,0,0,0,0
16,0,0.097938144,0.010309278,0,0,0.128865979,0.010309278,0.201030928,0,0.226804124,0.020618557,0,0.329896907,0,0.005154639,0,0.092783505,0,0,0,0,0,0,0,0.056701031,0.030927835,0,0,0.139175258,0,0,0,0
16.2,0,0,0,0,0,0,0.030927835,0,0,0,0,0,0,0,0,0,0,0,0,0,0,0,0,0,0,0,0,0,0,0,0,0,0
16.3,0,0,0,0,0,0,0,0.015463918,0,0,0,0,0,0,0,0,0,0,0,0,0,0,0,0,0,0,0,0,0,0,0,0,0
17,0,0.030927835,0.082474227,0,0,0.067010309,0,0.072164948,0,0.221649485,0.056701031,0,0.201030928,0,0.072164948,0,0.010309278,0,0,0,0.010309278,0,0,0,0.082474227,0.030927835,0,0,0.31443299,0,0,0,0
17.1,0,0,0,0,0,0,0,0,0,0,0,0,0,0,0,0,0,0,0,0,0,0,0,0,0,0,0,0,0,0,0,0,0
17.2,0,0,0,0,0,0,0.005154639,0,0,0,0,0,0,0,0,0,0,0,0,0,0,0,0,0,0,0,0,0,0,0,0,0,0
17.3,0,0,0,0,0,0,0,0.087628866,0,0,0,0,0,0,0,0,0,0,0,0,0,0,0,0,0,0,0,0,0,0,0,0,0
18,0,0,0.262886598,0,0,0.030927835,0,0.015463918,0,0.020618557,0.134020619,0,0.067010309,0,0.159793814,0,0.005154639,0,0,0,0.025773196,0,0,0,0.077319588,0.06185567,0,0,0.206185567,0,0,0,0
18.1,0,0,0,0,0,0,0,0,0,0,0,0,0,0,0,0,0,0,0,0,0,0,0,0,0,0,0,0,0,0,0,0,0
18.2,0,0,0,0,0,0,0,0,0,0,0,0,0,0,0,0,0,0,0,0,0,0,0,0,0,0,0,0,0,0,0,0,0
18.3,0,0,0,0,0,0,0,0.051546392,0,0,0,0,0,0,0,0,0,0,0,0,0,0,0,0,0,0,0,0,0,0,0,0,0
19,0,0,0.175257732,0,0,0.041237113,0,0,0,0.005154639,0.180412371,0,0.010309278,0,0.092783505,0,0,0,0,0,0.056701031,0,0,0,0.041237113,0.06185567,0,0,0.108247423,0,0,0,0
19.1,0,0,0,0,0,0,0,0,0,0,0,0,0,0,0,0,0,0,0,0,0,0,0,0,0,0,0,0,0,0,0,0,0
19.2,0,0,0,0,0,0,0,0,0,0,0,0,0,0,0,0,0,0,0,0,0,0,0,0,0,0,0,0,0,0,0,0,0
19.3,0,0,0.005154639,0,0,0,0,0.005154639,0,0,0,0,0,0,0,0,0,0,0,0,0,0,0,0,0,0,0,0,0,0,0,0,0
19.4,0,0,0,0,0,0,0,0,0,0,0,0,0,0,0,0,0,0,0,0,0,0,0,0,0.010309278,0,0,0,0,0,0,0,0
20,0,0,0.195876289,0,0,0.025773196,0,0,0,0,0.159793814,0,0,0,0.041237113,0,0,0,0,0,0.087628866,0,0,0,0.020618557,0.092783505,0,0,0.015463918,0,0,0,0
20.1,0,0,0,0,0,0,0,0,0,0,0,0,0,0,0,0,0,0,0,0,0,0,0,0,0,0,0,0,0,0,0,0,0
20.2,0,0,0,0,0,0,0,0,0,0,0,0,0,0,0,0,0,0,0,0,0,0,0,0,0,0.015463918,0,0,0,0,0,0,0
20.3,0,0,0,0,0,0,0,0,0,0,0,0,0,0,0,0,0,0,0,0,0,0,0,0,0,0,0,0,0,0,0,0,0
21,0,0,0.097938144,0,0,0.010309278,0,0,0,0,0.015463918,0,0,0,0.005154639,0,0,0,0,0,0.103092784,0,0,0,0.020618557,0.051546392,0,0,0,0,0,0,0
21.2,0,0,0,0,0,0,0,0,0,0,0,0,0,0,0,0,0,0,0,0,0,0,0,0,0,0.025773196,0,0,0,0,0,0,0
21.3,0,0,0,0,0,0,0,0,0,0,0,0,0,0,0,0,0,0,0,0,0,0,0,0,0,0,0,0,0,0,0,0,0
22,0,0,0.056701031,0,0,0.015463918,0,0,0,0,0.051546392,0,0,0,0,0,0,0,0,0,0.242268041,0,0,0,0.030927835,0.015463918,0,0,0,0,0,0,0
22.2,0,0,0,0,0,0,0,0,0,0,0,0,0,0,0,0,0,0,0,0,0,0,0,0,0,0.041237113,0,0,0,0,0,0,0
22.3,0,0,0,0,0,0,0,0,0,0,0,0,0,0,0,0,0,0,0,0,0,0,0,0,0,0,0,0,0,0,0,0,0
23,0,0,0.025773196,0,0,0.005154639,0,0,0,0,0.164948454,0,0,0,0,0,0,0,0,0,0.206185567,0,0,0,0.020618557,0.010309278,0,0,0,0,0,0,0
23.2,0,0,0,0,0,0,0,0,0,0,0,0,0,0,0,0,0,0,0,0,0,0,0,0,0,0.046391753,0,0,0,0,0,0,0
23.3,0,0,0,0,0,0,0,0,0,0,0,0,0,0,0,0,0,0,0,0,0,0,0,0,0,0,0,0,0,0,0,0,0
24,0,0,0.010309278,0,0,0,0,0,0,0,0.128865979,0,0,0,0,0,0,0,0,0,0.149484536,0,0,0,0,0,0,0,0,0,0,0,0
24.2,0,0,0,0,0,0,0,0,0,0,0,0,0,0,0,0,0,0,0,0,0.005154639,0,0,0,0,0.06185567,0,0,0,0,0,0,0
24.3,0,0,0.005154639,0,0,0,0,0,0,0,0,0,0,0,0,0,0,0,0,0,0,0,0,0,0,0,0,0,0,0,0,0,0
25,0,0,0.015463918,0,0,0,0,0,0,0,0.046391753,0,0,0,0,0,0,0,0,0,0.072164948,0,0,0,0.005154639,0,0,0,0,0,0,0,0
25.2,0,0,0,0,0,0,0,0,0,0,0,0,0,0,0,0,0,0,0,0,0,0,0,0,0,0.056701031,0,0,0,0,0,0,0
26,0,0,0.010309278,0,0,0,0,0,0,0,0.036082474,0,0,0,0,0,0,0,0,0,0.030927835,0,0,0,0,0,0,0,0,0,0,0,0
26.2,0,0,0,0,0,0,0,0,0,0,0,0,0,0,0,0,0,0,0,0,0,0,0,0,0,0.072164948,0,0,0,0,0,0,0
27,0,0,0.005154639,0,0,0,0,0,0,0,0.005154639,0,0,0,0,0,0,0,0,0,0.005154639,0,0,0,0,0,0,0,0,0,0,0,0
27.2,0,0,0,0,0,0,0,0,0,0,0,0,0,0,0,0,0,0,0,0,0,0,0,0,0,0.103092784,0,0,0,0,0,0,0
27.3,0,0,0,0,0,0,0,0,0,0,0,0,0,0,0,0,0,0,0,0,0,0,0,0,0,0,0,0,0,0,0,0,0
28,0,0,0,0,0,0.005154639,0,0,0.056701031,0,0,0,0,0,0,0,0,0,0,0,0,0,0,0,0,0,0,0,0,0,0,0,0
28.2,0,0,0,0,0,0,0,0,0.005154639,0,0,0,0,0,0,0,0,0,0,0,0,0,0,0,0,0.077319588,0,0,0,0,0,0,0
28.3,0,0,0,0,0,0,0,0,0,0,0,0,0,0,0,0,0,0,0,0,0,0,0,0,0,0,0,0,0,0,0,0,0
29,0,0,0,0,0,0,0,0,0.201030928,0,0,0,0,0,0,0,0,0,0,0,0,0,0,0,0,0,0,0,0,0,0,0,0
29.2,0,0,0,0,0,0,0,0,0,0,0,0,0,0,0,0,0,0,0,0,0,0,0,0,0,0.06185567,0,0,0,0,0,0,0
29.3,0,0,0,0,0,0,0,0,0,0,0,0,0,0,0,0,0,0,0,0,0,0,0,0,0,0,0,0,0,0,0,0,0
30,0,0,0,0,0,0,0,0,0.329896907,0,0,0,0,0,0,0,0,0,0,0,0,0,0,0,0,0,0,0,0,0,0,0,0
30.2,0,0,0,0,0,0,0,0,0.005154639,0,0,0,0,0,0,0,0,0,0,0,0,0,0,0,0,0.036082474,0,0,0,0,0,0,0
30.3,0,0,0,0,0,0,0,0,0.010309278,0,0,0,0,0,0,0,0,0,0,0,0,0,0,0,0,0,0,0,0,0,0,0,0
31,0,0,0,0,0,0,0,0,0.12371134,0,0,0,0,0,0,0,0,0,0,0,0,0,0,0,0,0,0,0,0,0,0,0,0
31.2,0,0,0,0,0,0,0,0,0.036082474,0,0,0,0,0,0,0,0,0,0,0,0,0,0,0,0,0.025773196,0,0,0,0,0,0,0
32,0,0,0,0,0,0,0,0,0.056701031,0,0,0,0,0,0,0,0,0,0,0,0,0,0,0,0,0,0,0,0,0,0,0,0
32.2,0,0,0,0,0,0,0,0,0.113402062,0,0,0,0,0,0,0,0,0,0,0,0,0,0,0,0,0.010309278,0,0,0,0,0,0,0
33,0,0,0,0,0,0,0,0,0.015463918,0,0,0,0,0,0,0,0,0,0,0,0,0,0,0,0,0,0,0,0,0,0,0,0
33.1,0,0,0,0,0,0,0,0,0,0,0,0,0,0,0,0,0,0,0,0,0,0,0,0,0,0,0,0,0,0,0,0,0
33.2,0,0,0,0,0,0,0,0,0.046391753,0,0,0,0,0,0,0,0,0,0,0,0,0,0,0,0,0,0,0,0,0,0,0,0
34,0,0,0,0,0,0,0,0,0,0,0,0,0,0,0,0,0,0,0,0,0,0,0,0,0,0,0,0,0,0,0,0,0
34.2,0,0,0,0,0,0,0,0,0,0,0,0,0,0,0,0,0,0,0,0,0,0,0,0,0,0,0,0,0,0,0,0,0
35,0,0,0,0,0,0,0,0,0,0,0,0,0,0,0,0,0,0,0,0,0,0,0,0,0,0,0,0,0,0,0,0,0
36,0,0,0,0,0,0,0,0,0,0,0,0,0,0,0,0,0,0,0,0,0,0,0,0,0,0,0,0,0,0,0,0,0
37,0,0,0,0,0,0,0,0,0,0,0,0,0,0,0,0,0,0,0,0,0,0,0,0,0,0,0,0,0,0,0,0,0
38,0,0,0,0,0,0,0,0,0,0,0,0,0,0,0,0,0,0,0,0,0,0,0,0,0,0,0,0,0,0,0,0,0
39,0,0,0,0,0,0,0,0,0,0,0,0,0,0,0,0,0,0,0,0,0,0,0,0,0,0,0,0,0,0,0,0,0
43.2,0,0,0,0,0,0,0,0,0,0,0,0,0,0,0,0,0,0,0,0,0.005154639,0,0,0,0,0,0,0,0,0,0,0,0
N,194,194,194,194,194,194,194,194,194,194,194,194,194,194,194,194,194,194,194,194,194,194,194,194,194,194,194,194,194,0,0,0,0
