Allele,D2S1338,D3S1358,D5S818,D7S820,D8S1179,D13S317,D16S539,D18S51,D19S433,D21S11,SE33,CSF1PO,FGA,THO1,TPOX,vWA,D1S1656,D2S441,D10S1248,D12S391,D22S1045
5,0,0,0,0,0,0,0,0,0,0,0,0,0,0,0,0,0,0,0,0,0
6,0,0,0,0,0,0,0,0,0,0,0,0,0,0.1357,0,0,0,0,0,0,0
7,0,0,0.531,0,0,0,0,0,0,0,0,0,0,0.686,0,0,0,0.0039,0,0,0
8,0,0,0,0.0233,0,0.0116,0,0,0,0,0,0,0,0.0155,0.3876,0,0,0,0,0,0
9,0,0,0.0078,0,0,0.3721,0.1008,0,0,0,0,0.0465,0,0.0116,0.0116,0,0,0,0,0,0
9.3,0,0,0,0,0,0,0,0,0,0,0,0,0,0.1512,0,0,0,0,0,0,0
10,0,0,0.0465,0.2093,0.0736,0.1085,0.124,0,0,0,0,0.376,0,0,0.0116,0,0,0.3023,0,0,0
11,0,0,0.2519,0.5116,0,0.2287,0.3488,0,0,0,0,0.1008,0,0,0.4031,0,0,0.5736,0,0,0.124
11.2,0,0,0,0,0,0,0,0,0,0,0,0,0,0,0,0,0,0,0,0,0
11.3,0,0,0,0,0,0,0,0,0,0,0,0,0,0,0,0,0,0.0039,0,0,0
12,0,0,0.1512,0.1977,0.0388,0.1512,0.3101,0.1124,0.0039,0,0,0.4457,0,0,0.1822,0,0.0349,0.0504,0.0426,0,0.0039
12.2,0,0,0,0,0,0,0,0,0,0,0,0,0,0,0,0,0,0,0,0,0
13,0,0.0039,0.0116,0.0581,0.3915,0.0465,0.1085,0.1163,0.1473,0,0,0.0116,0,0,0.0039,0,0.1085,0.0039,0.2519,0,0
13.2,0,0,0,0,0,0,0,0,0.2597,0,0,0,0,0,0,0,0,0,0,0,0
14,0,0.0814,0,0,0.3798,0.0814,0,0.3915,0.2597,0,0,0.0194,0,0,0,0.1085,0.1938,0.062,0.4535,0,0.0116
14.2,0,0,0,0,0,0,0,0,0.0271,0,0,0,0,0,0,0,0,0,0,0,0
14.3,0,0,0,0,0,0,0,0,0,0,0,0,0,0,0,0,0,0,0,0,0
15,0,0.3798,0,0,0.1085,0,0.0078,0.0969,0.1085,0,0.1318,0,0,0,0,0.0078,0.124,0,0.1822,0,0.2209
15.2,0,0,0,0,0,0,0,0,0.0543,0,0,0,0,0,0,0,0,0,0,0,0
15.3,0,0,0,0,0,0,0,0,0,0,0,0,0,0,0,0,0.0039,0,0,0,0
16,0.0078,0.4767,0,0,0.0078,0,0,0.1318,0.0426,0,0.0465,0,0,0,0,0.438,0.2752,0,0.0659,0.0078,0.5194
16.1,0,0,0,0,0,0,0,0,0,0,0,0,0,0,0,0,0,0,0,0,0
16.2,0,0,0,0,0,0,0,0,0.0814,0,0,0,0,0,0,0,0,0,0,0,0
16.3,0,0,0,0,0,0,0,0,0,0,0,0,0,0,0,0,0.0426,0,0,0,0
17,0.0039,0.0194,0,0,0,0,0,0.0891,0,0,0.0233,0,0.0116,0,0,0.3062,0.0504,0,0,0.0504,0.0349
17.2,0,0,0,0,0,0,0,0,0.0155,0,0,0,0,0,0,0,0,0,0,0,0
17.3,0,0,0,0,0,0,0,0,0,0,0,0,0,0,0,0,0.1434,0,0,0,0
18,0.0969,0.0388,0,0,0,0,0,0.0194,0,0,0.031,0,0.0078,0,0,0.0814,0,0,0.0039,0.3178,0.0853
18.2,0,0,0,0,0,0,0,0,0,0,0.0039,0,0,0,0,0,0,0,0,0,0
18.3,0,0,0,0,0,0,0,0,0,0,0,0,0,0,0,0,0.0233,0,0,0.0039,0
19,0.3217,0,0,0,0,0,0,0.0271,0,0,0.1124,0,0.093,0,0,0.0543,0,0,0,0.314,0
19.2,0,0,0,0,0,0,0,0,0,0,0,0,0,0,0,0,0,0,0,0.031,0
19.3,0,0,0,0,0,0,0,0,0,0,0,0,0,0,0,0,0,0,0,0.0039,0
20,0.0194,0,0,0,0,0,0,0.0078,0,0,0.1628,0,0.0504,0,0,0.0039,0,0,0,0.0891,0
20.2,0,0,0,0,0,0,0,0,0,0,0,0,0,0,0,0,0,0,0,0,0
20.3,0,0,0,0,0,0,0,0,0,0,0,0,0,0,0,0,0,0,0,0,0
21,0,0,0,0,0,0,0,0.0078,0,0,0.062,0,0.1008,0,0,0,0,0,0,0.0814,0
21.2,0,0,0,0,0,0,0,0,0,0,0,0,0,0,0,0,0,0,0,0,0
22,0.2171,0,0,0,0,0,0,0,0,0,0.031,0,0.0891,0,0,0,0,0,0,0.0698,0
22.2,0,0,0,0,0,0,0,0,0,0,0,0,0,0,0,0,0,0,0,0,0
23,0.2597,0,0,0,0,0,0,0,0,0,0,0,0.2093,0,0,0,0,0,0,0.0233,0
23.2,0,0,0,0,0,0,0,0,0,0,0,0,0,0,0,0,0,0,0,0,0
24,0.0581,0,0,0,0,0,0,0,0,0,0,0,0.1744,0,0,0,0,0,0,0.0078,0
24.2,0,0,0,0,0,0,0,0,0,0,0.0078,0,0,0,0,0,0,0,0,0,0
25,0.0155,0,0,0,0,0,0,0,0,0,0,0,0.1279,0,0,0,0,0,0,0,0
25.2,0,0,0,0,0,0,0,0,0,0,0,0,0,0,0,0,0,0,0,0,0
26,0,0,0,0,0,0,0,0,0,0,0,0,0.0698,0,0,0,0,0,0,0,0
26.2,0,0,0,0,0,0,0,0,0,0,0.0155,0,0.0426,0,0,0,0,0,0,0,0
27,0,0,0,0,0,0,0,0,0,0.0039,0,0,0.0039,0,0,0,0,0,0,0,0
27.2,0,0,0,0,0,0,0,0,0,0,0.1318,0,0,0,0,0,0,0,0,0,0
28,0,0,0,0,0,0,0,0,0,0.0155,0,0,0.0194,0,0,0,0,0,0,0,0
28.2,0,0,0,0,0,0,0,0,0,0,0.0271,0,0,0,0,0,0,0,0,0,0
29,0,0,0,0,0,0,0,0,0,0.2093,0,0,0,0,0,0,0,0,0,0,0
29.2,0,0,0,0,0,0,0,0,0,0,0.0465,0,0,0,0,0,0,0,0,0,0
29.3,0,0,0,0,0,0,0,0,0,0,0,0,0,0,0,0,0,0,0,0,0
30,0,0,0,0,0,0,0,0,0,0.2132,0,0,0,0,0,0,0,0,0,0,0
30.2,0,0,0,0,0,0,0,0,0,0.0349,0.0233,0,0,0,0,0,0,0,0,0,0
31,0,0,0,0,0,0,0,0,0,0.0504,0,0,0,0,0,0,0,0,0,0,0
31.2,0,0,0,0,0,0,0,0,0,0.1744,0.1395,0,0,0,0,0,0,0,0,0,0
32,0,0,0,0,0,0,0,0,0,0.0039,0,0,0,0,0,0,0,0,0,0,0
32.1,0,0,0,0,0,0,0,0,0,0.031,0,0,0,0,0,0,0,0,0,0,0
32.2,0,0,0,0,0,0,0,0,0,0.1512,0.0039,0,0,0,0,0,0,0,0,0,0
33,0,0,0,0,0,0,0,0,0,0,0,0,0,0,0,0,0,0,0,0,0
33.2,0,0,0,0,0,0,0,0,0,0.0233,0,0,0,0,0,0,0,0,0,0,0
34,0,0,0,0,0,0,0,0,0,0,0,0,0,0,0,0,0,0,0,0,0
34.2,0,0,0,0,0,0,0,0,0,0.0891,0,0,0,0,0,0,0,0,0,0,0
35,0,0,0,0,0,0,0,0,0,0,0,0,0,0,0,0,0,0,0,0,0
37,0,0,0,0,0,0,0,0,0,0,0,0,0,0,0,0,0,0,0,0,0
