Allele,D8S1179,D21S11,D7S820,CSF1PO,D3S1358,TH01,D13S317,D16S539,D2S1338,D19S433,vWA,TPOX,D18S51,D5S818,FGA
6,0,0,0,0,0,0.0673,0,0,0,0,0,0,0,0,0
7,0,0,0,0.0049,0,0.5577,0,0,0,0,0,0,0,0.2548,0
8,0,0,0.1298,0,0,0.0288,0.0673,0.0192,0,0,0,0.5049,0,0,0
9,0,0,0.0625,0.049,0,0.0433,0.3365,0.3077,0,0,0,0.0097,0,0,0
9.3,0,0,0,0,0,0.3029,0,0,0,0,0,0,0,0,0
10,0.0337,0,0.1538,0.2451,0,0,0.1154,0.0817,0,0,0,0.0097,0,0.1346,0
11,0.0481,0,0.4423,0.1127,0,0,0.2115,0.3413,0,0,0,0.2961,0.0144,0.2933,0
12,0.1538,0,0.1827,0.5,0,0,0.101,0.1827,0,0.024,0,0.1796,0.0817,0.1923,0
13,0.3077,0,0.0288,0.0882,0,0,0.0865,0.0673,0,0.2404,0,0,0.1298,0.1202,0
13.2,0,0,0,0,0,0,0,0,0,0.1683,0,0,0,0,0
14,0.3654,0,0,0,0.0529,0,0.0817,0,0,0.274,0.1827,0,0.125,0.0048,0
14.2,0,0,0,0,0,0,0,0,0,0.0096,0,0,0,0,0
15,0.0673,0,0,0,0.5192,0,0,0,0,0.1923,0.0913,0,0.1971,0,0
15.2,0,0,0,0,0,0,0,0,0,0.0625,0,0,0,0,0
16,0.0192,0,0,0,0.2981,0,0,0,0.0048,0.0288,0.2788,0,0.1394,0,0
17,0.0048,0,0,0,0.101,0,0,0,0.274,0,0.25,0,0.226,0,0.0192
18,0,0,0,0,0.0288,0,0,0,0.0673,0,0.0817,0,0.0192,0,0
19,0,0,0,0,0,0,0,0,0.1683,0,0.1154,0,0.024,0,0.2067
20,0,0,0,0,0,0,0,0,0.1298,0,0,0,0.0288,0,0.0962
21,0,0,0,0,0,0,0,0,0.0962,0,0,0,0,0,0.0865
21.2,0,0,0,0,0,0,0,0,0,0,0,0,0,0,0.0096
22,0,0,0,0,0,0,0,0,0.0625,0,0,0,0.0048,0,0.0433
23,0,0,0,0,0,0,0,0,0.1442,0,0,0,0,0,0.125
24,0,0,0,0,0,0,0,0,0.0144,0,0,0,0,0,0.1538
25,0,0,0,0,0,0,0,0,0.0385,0,0,0,0,0,0.1442
26,0,0,0,0,0,0,0,0,0,0,0,0,0,0,0.0817
27,0,0,0,0,0,0,0,0,0,0,0,0,0,0,0.0337
28,0,0.0481,0,0,0,0,0,0,0,0,0,0,0,0,0
29,0,0.1827,0,0,0,0,0,0,0,0,0,0,0.0096,0,0
30,0,0.2404,0,0,0,0,0,0,0,0,0,0,0,0,0
30.2,0,0.0048,0,0,0,0,0,0,0,0,0,0,0,0,0
31,0,0.0337,0,0,0,0,0,0,0,0,0,0,0,0,0
31.2,0,0.0721,0,0,0,0,0,0,0,0,0,0,0,0,0
32,0,0.024,0,0,0,0,0,0,0,0,0,0,0,0,0
32.2,0,0.2596,0,0,0,0,0,0,0,0,0,0,0,0,0
33.2,0,0.125,0,0,0,0,0,0,0,0,0,0,0,0,0
34.2,0,0.0096,0,0,0,0,0,0,0,0,0,0,0,0,0
N,208,208,208,204,208,208,208,208,208,208,208,206,208,208,208
