Allele,D8S1179,D21S11,D7S820,CSF1PO,D3S1358,TH01,D13S317,D16S539,D2S1338,D19S433,VWA,TPOX,D18S51,D5S818,FGA,D12S391,D1S1656,D2S441,D10S1248,D22S1045,SE33
6,0,0,0.0003,0,0,0.1868,0,0,0,0,0,0.0003,0,0,0,0,0,0,0,0,0
6.2,0,0,0,0,0,0,0,0,0,0.0003,0,0,0,0,0,0,0,0,0,0,0
7,0,0,0.0153,0.0005,0,0.2418,0.0005,0,0,0,0,0.0013,0,0.0127,0,0,0,0,0,0,0.001
7.1,0,0,0.0003,0,0,0,0,0,0,0,0,0,0,0,0,0,0,0,0,0,0
8,0.0071,0,0.2049,0.0003,0,0.0961,0.1725,0.0229,0,0,0,0.5054,0,0.0023,0,0,0.0046,0,0.0003,0,0.0023
9,0.0033,0,0.0785,0.0347,0,0.3175,0.1093,0.1952,0,0,0,0.1024,0.0005,0.0561,0,0,0.001,0.0025,0.0003,0.0003,0.0013
9.1,0,0,0.0005,0,0,0,0,0,0,0,0,0,0,0,0,0,0,0.0054,0,0,0
9.2,0,0,0,0,0,0,0,0,0,0.0003,0,0,0,0,0,0,0,0,0,0,0
9.3,0,0,0,0,0,0.146,0,0,0,0,0,0,0,0,0,0,0,0,0,0,0
10,0.106,0,0.1975,0.249,0,0.0117,0.1172,0.1103,0,0,0,0.0522,0.0041,0.1282,0,0,0.0028,0.2352,0.0013,0.0013,0.0008
10.1,0,0,0.0003,0,0,0,0,0,0,0,0,0,0,0,0,0,0,0,0,0,0
11,0.0688,0,0.2704,0.2964,0.0003,0,0.2806,0.2757,0,0.0051,0.0008,0.2836,0.0122,0.3527,0,0,0.0928,0.4014,0.0087,0.2467,0.0005
11.1,0,0,0.0008,0,0,0,0,0,0,0,0,0,0,0,0,0,0,0,0,0,0
11.2,0,0,0,0,0,0,0,0,0,0.0003,0,0,0,0,0,0,0,0,0,0,0.0003
11.3,0,0,0,0,0,0,0,0,0,0,0,0,0,0,0,0,0,0.0362,0,0,0
12,0.1114,0,0.199,0.3364,0,0,0.2317,0.2317,0,0.0553,0.0003,0.0507,0.0637,0.2997,0,0,0.0747,0.105,0.0426,0.0046,0.0051
12.1,0,0,0,0,0,0,0,0,0,0,0,0,0,0.0003,0,0,0,0,0,0,0
12.2,0,0,0,0,0,0,0,0,0,0.0033,0,0,0.0003,0,0,0,0,0,0,0,0.0005
12.3,0,0,0,0,0,0,0,0,0,0,0,0,0,0,0,0,0,0.0005,0,0,0
13,0.274,0,0.0303,0.0645,0.0023,0,0.0655,0.1409,0.0018,0.2505,0.0056,0.0041,0.1595,0.1399,0.0003,0,0.0838,0.0234,0.2712,0.0043,0.0097
13.1,0,0,0,0,0,0,0,0,0,0.0003,0,0,0.0003,0,0,0,0,0,0,0,0
13.2,0,0,0,0,0,0,0,0,0,0.0349,0,0,0,0,0,0,0,0,0,0,0.0005
14,0.2166,0,0.0018,0.0145,0.0576,0,0.0224,0.0209,0,0.2798,0.1358,0,0.2199,0.0074,0,0.0005,0.0866,0.1644,0.2704,0.0489,0.0201
14.2,0,0,0,0,0,0,0,0,0,0.0683,0,0,0,0,0,0,0,0,0,0,0.0008
14.3,0,0,0,0,0,0,0,0,0,0,0,0,0,0,0,0,0.0003,0,0,0,0.0005
15,0.1514,0,0.0003,0.0033,0.3254,0,0.0003,0.0023,0.0003,0.1002,0.0701,0,0.1595,0.0008,0,0.014,0.239,0.0234,0.2317,0.2984,0.0252
15.2,0,0,0,0,0,0,0,0,0,0.1124,0.0005,0,0,0,0,0,0,0,0,0,0.001
15.3,0,0,0,0,0,0,0,0,0,0,0,0,0,0,0,0,0.0153,0,0,0,0.002
16,0.054,0,0,0.0005,0.3045,0,0,0,0.0138,0.0451,0.2253,0,0.1277,0,0,0.0102,0.1873,0.0025,0.1287,0.2615,0.0449
16.2,0,0,0,0,0,0,0,0,0,0.0306,0,0,0,0,0,0,0,0,0,0,0.0015
16.3,0,0,0,0,0,0,0,0,0,0,0,0,0,0,0,0,0.0367,0,0,0,0.0025
17,0.0038,0,0,0,0.2008,0,0,0,0.0905,0.0059,0.265,0,0.0879,0,0.002,0.1188,0.0785,0,0.037,0.118,0.0553
17.2,0,0,0,0,0,0,0,0,0,0.0066,0,0,0,0,0,0,0,0,0,0,0.0005
17.3,0,0,0,0,0,0,0,0,0,0,0,0,0,0,0,0.0076,0.052,0,0,0,0
18,0.0036,0,0,0,0.0999,0,0,0,0.1058,0.0005,0.1934,0,0.0548,0,0.0099,0.2204,0.0104,0,0.0074,0.0155,0.0772
18.2,0,0,0,0,0,0,0,0,0,0.0005,0,0,0,0,0.0003,0,0,0,0,0,0
18.3,0,0,0,0,0,0,0,0,0,0,0,0,0,0,0,0.0087,0.0278,0,0,0,0
19,0,0,0,0,0.0092,0,0,0,0.1646,0,0.0905,0,0.0431,0,0.0533,0.1756,0.0005,0,0.0008,0.0005,0.0869
19.2,0,0,0,0,0,0,0,0,0,0,0,0,0,0,0.0003,0,0,0,0,0,0.0008
19.3,0,0,0,0,0,0,0,0,0,0,0,0,0,0,0,0.0048,0.0059,0,0,0,0
20,0,0,0,0,0,0,0,0,0.1363,0,0.0112,0,0.0319,0,0.0708,0.1498,0,0,0,0,0.0752
20.2,0,0,0,0,0,0,0,0,0,0,0,0,0,0,0.0013,0,0,0,0,0,0.0117
20.3,0,0,0,0,0,0,0,0,0,0,0,0,0,0,0,0.0015,0,0,0,0,0
21,0,0,0,0,0,0,0,0,0.0234,0,0.0015,0,0.0155,0,0.1348,0.1068,0,0,0,0,0.0418
21.1,0,0,0,0,0,0,0,0,0,0,0,0,0,0,0,0,0,0,0,0,0.001
21.2,0,0,0,0,0,0,0,0,0,0,0,0,0,0,0.0041,0,0,0,0,0,0.0115
22,0,0,0,0,0,0,0,0,0.054,0,0,0,0.0115,0,0.173,0.0887,0,0,0,0,0.011
22.2,0,0,0,0,0,0,0,0,0,0,0,0,0,0,0.0097,0,0,0,0,0,0.0206
23,0,0,0,0,0,0,0,0,0.1743,0,0,0,0.0048,0,0.1814,0.0571,0,0,0,0,0.0043
23.1,0,0,0,0,0,0,0,0,0,0,0,0,0,0,0.0003,0,0,0,0,0,0
23.2,0,0,0,0,0,0,0,0,0,0,0,0,0,0,0.0071,0,0,0,0,0,0.0255
24,0,0,0,0,0,0,0,0,0.1124,0,0,0,0.0018,0,0.1972,0.0224,0,0,0,0,0.002
24.2,0,0,0,0,0,0,0,0,0,0,0,0,0,0,0.0038,0,0,0,0,0,0.0395
25,0,0.0005,0,0,0,0,0,0,0.0966,0,0,0,0.0005,0,0.103,0.0107,0,0,0,0,0.0005
25.2,0,0,0,0,0,0,0,0,0,0,0,0,0,0,0.0025,0,0,0,0,0,0.0477
26,0,0.001,0,0,0,0,0,0,0.0199,0,0,0,0.0003,0,0.0359,0.002,0,0,0,0,0
26.2,0,0,0,0,0,0,0,0,0,0,0,0,0,0,0,0,0,0,0,0,0.0568
27,0,0.0097,0,0,0,0,0,0,0.0054,0,0,0,0.0003,0,0.0059,0.0003,0,0,0,0,0.0005
27.2,0,0,0,0,0,0,0,0,0,0,0,0,0,0,0,0,0,0,0,0,0.0637
28,0,0.094,0,0,0,0,0,0,0.001,0,0,0,0,0,0.0018,0,0,0,0,0,0.0015
28.2,0,0.0051,0,0,0,0,0,0,0,0,0,0,0,0,0,0,0,0,0,0,0.0693
29,0,0.2314,0,0,0,0,0,0,0,0,0,0,0,0,0.001,0,0,0,0,0,0.0008
29.2,0,0.0038,0,0,0,0,0,0,0,0,0,0,0,0,0,0,0,0,0,0,0.0609
30,0,0.2643,0,0,0,0,0,0,0,0,0,0,0,0,0.0003,0,0,0,0,0,0.0003
30.2,0,0.0189,0,0,0,0,0,0,0,0,0,0,0,0,0,0,0,0,0,0,0.0528
30.3,0,0.0025,0,0,0,0,0,0,0,0,0,0,0,0,0,0,0,0,0,0,0
31,0,0.0708,0,0,0,0,0,0,0,0,0,0,0,0,0,0,0,0,0,0,0
31.2,0,0.0912,0,0,0,0,0,0,0,0,0,0,0,0,0,0,0,0,0,0,0.0319
32,0,0.0125,0,0,0,0,0,0,0,0,0,0,0,0,0,0,0,0,0,0,0.0005
32.2,0,0.145,0,0,0,0,0,0,0,0,0,0,0,0,0,0,0,0,0,0,0.0171
33,0,0.0015,0,0,0,0,0,0,0,0,0,0,0,0,0,0,0,0,0,0,0.0015
33.2,0,0.042,0,0,0,0,0,0,0,0,0,0,0,0,0,0,0,0,0,0,0.0043
34,0,0,0,0,0,0,0,0,0,0,0,0,0,0,0,0,0,0,0,0,0.0015
34.2,0,0.0054,0,0,0,0,0,0,0,0,0,0,0,0,0,0,0,0,0,0,0.001
35,0,0,0,0,0,0,0,0,0,0,0,0,0,0,0,0,0,0,0,0,0.0005
35.2,0,0.0003,0,0,0,0,0,0,0,0,0,0,0,0,0,0,0,0,0,0,0.0003
36,0,0,0,0,0,0,0,0,0,0,0,0,0,0,0,0,0,0,0,0,0.001
36.2,0,0,0,0,0,0,0,0,0,0,0,0,0,0,0,0,0,0,0,0,0.0003
