Alleles,CSF1PO,D10S1248,D10S1435,D11S2368,D12S391,D13S317,D14S608,D15S659,D16S539,D18S51,D18S535,D19S253,D19S433,D1S1656,D21S11,D22S1045,D2S1338,D2S441,D3S1358,D3S3045,D4S2366,D5S2500,D5S818,D6S1043,D6S477,D7S3048,D7S820,D8S1132,D8S1179,FGA,PentaD,PentaE,SE33,TH01,TPOX,vWA
5,0,0,0,0,0,0,0,0,0,0,0,0,0,0,0,0,0,0,0,0,0,0,0,0,0,0,0,0,0,0,0,0.07635468,0,0,0,0
6,0,0,0,0,0,0,0.071428571,0,0,0,0,0,0,0,0,0,0,0,0,0,0,0,0,0,0,0,0,0,0,0,0.004926108,0,0,0.096059113,0,0
6.1,0,0,0,0,0,0,0.002463054,0,0,0,0,0,0,0,0,0,0,0,0,0,0,0,0,0,0,0,0,0,0,0,0,0,0,0,0,0
6.3,0,0,0,0,0,0,0.002463054,0,0,0,0,0,0,0,0,0,0,0,0,0,0,0,0,0,0,0,0,0,0,0,0,0,0,0,0,0
7,0.007389163,0,0,0,0,0.002463054,0.307881773,0,0,0,0,0.184729064,0,0,0,0,0,0,0,0,0,0,0.02955665,0,0,0,0,0,0,0,0.017241379,0.002463054,0,0.256157635,0.002463054,0
7.3,0,0,0,0,0,0,0,0,0,0,0,0,0,0,0,0,0,0,0,0,0,0,0,0,0,0,0.002463054,0,0,0,0,0,0,0,0,0
8,0.002463054,0.002463054,0.019704433,0,0,0.315270936,0.009852217,0,0.014778325,0,0,0.032019704,0,0,0,0,0,0,0,0,0,0,0.002463054,0.002463054,0,0,0.172413793,0,0,0,0.0591133,0.002463054,0,0.051724138,0.573891626,0
9,0.056650246,0,0.004926108,0,0,0.128078818,0.113300493,0.002463054,0.24137931,0.004926108,0.21182266,0.007389163,0,0,0,0,0,0.004926108,0,0.300492611,0.275862069,0,0.061576355,0,0,0,0.064039409,0,0,0,0.36453202,0.002463054,0,0.509852217,0.113300493,0
9.1,0,0,0.002463054,0,0,0,0,0,0,0,0,0,0,0,0,0,0,0.017241379,0,0.004926108,0,0,0,0,0,0,0.002463054,0,0,0,0,0,0,0,0,0
9.2,0,0,0,0,0,0,0,0,0,0,0,0,0,0,0,0,0,0,0,0.002463054,0,0,0,0,0,0,0,0,0,0,0,0,0,0,0,0
9.3,0,0,0,0,0,0,0.002463054,0,0,0,0,0,0,0,0,0,0,0,0,0,0,0,0,0,0,0,0,0,0,0,0,0,0,0.02955665,0,0
10,0.216748768,0,0.024630542,0,0,0.133004926,0.204433498,0,0.133004926,0,0.041871921,0.019704433,0,0.004926108,0,0,0,0.342364532,0,0.034482759,0.078817734,0.009852217,0.216748768,0.032019704,0.024630542,0,0.130541872,0,0.125615764,0,0.115763547,0.04679803,0,0.051724138,0.017241379,0
10.1,0,0,0,0,0,0,0,0,0,0,0,0,0,0,0,0,0,0,0,0,0,0,0,0,0,0,0.002463054,0,0,0,0,0,0,0,0,0
10.2,0,0,0,0,0,0,0,0,0,0,0,0,0,0,0,0,0,0,0,0,0,0,0,0,0.002463054,0,0,0,0,0,0,0,0,0,0,0
10.3,0,0,0,0,0,0,0,0,0,0,0,0,0,0,0,0,0,0,0,0,0,0.002463054,0,0,0,0,0,0,0,0,0,0,0,0,0,0
11,0.229064039,0.007389163,0.145320197,0,0,0.226600985,0.172413793,0.007389163,0.229064039,0.002463054,0.019704433,0.110837438,0.002463054,0.071428571,0,0.206896552,0,0.275862069,0,0.02955665,0.349753695,0.263546798,0.339901478,0.100985222,0.007389163,0,0.337438424,0,0.100985222,0,0.140394089,0.142857143,0,0.004926108,0.273399015,0
11.2,0,0,0.004926108,0,0,0,0,0,0,0,0,0,0,0,0,0,0,0,0,0,0,0,0,0,0,0,0,0,0,0,0,0,0,0,0,0
11.3,0,0,0,0,0,0,0,0,0,0,0.002463054,0,0,0,0,0,0,0.0591133,0,0,0,0,0,0.002463054,0,0,0,0,0,0,0,0,0,0,0,0
12,0.399014778,0.07635468,0.401477833,0,0,0.155172414,0.088669951,0.137931034,0.261083744,0.044334975,0.115763547,0.293103448,0.051724138,0.04679803,0,0,0,0.199507389,0,0.133004926,0.115763547,0.204433498,0.219211823,0.108374384,0.056650246,0,0.229064039,0,0.093596059,0,0.160098522,0.155172414,0,0,0.014778325,0
12.1,0,0,0,0,0,0,0,0,0,0,0,0,0.002463054,0,0,0,0,0,0,0,0,0,0,0,0,0,0,0,0,0,0.004926108,0,0,0,0,0
12.2,0,0,0.004926108,0,0,0,0,0,0,0,0,0.012315271,0.002463054,0,0,0,0,0,0,0,0,0,0,0,0,0,0,0,0,0,0,0,0,0,0,0
13,0.083743842,0.344827586,0.24137931,0,0,0.019704433,0.017241379,0.219211823,0.093596059,0.169950739,0.231527094,0.248768473,0.273399015,0.078817734,0,0,0,0.012315271,0,0.236453202,0.100985222,0.04679803,0.120689655,0.150246305,0.199507389,0,0.056650246,0,0.204433498,0,0.108374384,0.054187192,0.002463054,0,0.004926108,0
13.1,0,0,0,0,0,0,0,0,0,0,0,0,0,0,0,0,0,0,0,0,0,0,0,0,0,0,0,0,0,0,0.004926108,0,0,0,0,0
13.2,0,0,0,0,0,0,0,0,0,0,0,0,0.044334975,0,0,0,0,0,0.002463054,0,0,0,0,0,0.004926108,0,0,0,0,0,0,0,0,0,0,0
14,0.004926108,0.233990148,0.13546798,0,0,0.019704433,0.004926108,0.078817734,0.019704433,0.206896552,0.263546798,0.078817734,0.233990148,0.078817734,0,0.009852217,0,0.083743842,0.04679803,0.192118227,0.068965517,0.081280788,0.009852217,0.157635468,0.187192118,0,0.002463054,0,0.209359606,0,0.014778325,0.088669951,0.014778325,0,0,0.302955665
14.1,0,0,0,0,0,0,0,0,0,0,0,0,0,0,0,0,0,0,0,0,0.002463054,0,0,0.002463054,0.002463054,0,0,0,0,0,0,0,0,0,0,0
14.2,0,0,0.002463054,0,0,0,0,0,0,0,0.002463054,0,0.125615764,0,0,0,0,0,0,0,0,0,0,0,0,0,0,0,0,0,0,0,0.002463054,0,0,0
14.3,0,0,0,0,0,0,0,0,0,0,0,0,0,0,0,0,0,0,0,0,0,0,0,0,0,0,0,0,0,0,0,0,0.002463054,0,0,0
14.4,0,0,0,0,0,0,0,0,0,0,0,0,0,0,0,0,0,0,0,0,0,0,0,0,0,0,0,0,0,0,0,0.002463054,0,0,0,0
15,0,0.214285714,0.012315271,0,0.002463054,0,0.002463054,0.061576355,0.007389163,0.157635468,0.086206897,0.012315271,0.071428571,0.315270936,0,0.285714286,0,0.004926108,0.34729064,0.066502463,0.007389163,0.293103448,0,0.014778325,0.310344828,0,0,0,0.18226601,0,0.004926108,0.073891626,0.014778325,0,0,0.014778325
15.1,0,0,0,0,0,0,0,0,0,0,0,0,0,0,0,0,0,0,0,0,0,0,0,0,0.004926108,0,0,0,0,0,0,0,0,0,0,0
15.2,0,0,0,0,0,0,0,0,0,0,0,0,0.155172414,0,0,0,0,0,0,0,0,0,0,0,0,0,0,0,0,0,0,0,0.002463054,0,0,0
15.3,0,0,0,0,0,0,0,0,0,0,0,0,0,0.002463054,0,0,0,0,0,0,0,0,0,0,0,0,0,0,0,0,0,0,0,0,0,0
16,0,0.096059113,0,0.022167488,0.002463054,0,0,0.140394089,0,0.13546798,0.024630542,0,0.017241379,0.201970443,0,0.238916256,0.019704433,0,0.330049261,0,0,0.066502463,0,0.002463054,0.165024631,0,0,0.007389163,0.061576355,0,0,0.061576355,0.019704433,0,0,0.15270936
16.1,0,0,0,0,0,0,0,0,0,0,0,0,0,0,0,0,0,0,0,0,0,0,0,0,0.002463054,0,0,0,0,0,0,0,0,0,0,0
16.2,0,0,0,0,0,0,0,0,0,0,0,0,0.014778325,0,0,0,0,0,0,0,0,0,0,0,0,0,0,0,0,0,0,0.002463054,0.002463054,0,0,0
16.3,0,0,0,0,0,0,0,0,0,0,0,0,0,0.007389163,0,0,0,0,0,0,0,0,0,0,0,0,0,0,0,0,0,0,0,0,0,0
17,0,0.024630542,0,0.128078818,0.083743842,0,0,0.201970443,0,0.093596059,0,0,0,0.10591133,0,0.21182266,0.066502463,0,0.219211823,0,0,0.032019704,0,0.032019704,0.032019704,0.004926108,0,0.068965517,0.014778325,0,0,0.04679803,0.051724138,0,0,0.253694581
17.2,0,0,0,0,0,0,0,0,0,0,0,0,0.004926108,0,0,0,0,0,0,0,0,0,0,0,0,0,0,0,0,0,0,0,0,0,0,0
17.3,0,0,0,0,0.002463054,0,0,0,0,0,0,0,0,0.044334975,0,0,0,0,0,0,0,0,0,0,0,0,0,0,0,0,0,0,0,0,0,0
18,0,0,0,0.115763547,0.197044335,0,0,0.118226601,0,0.056650246,0,0,0,0.012315271,0,0.04679803,0.100985222,0,0.044334975,0,0,0,0,0.179802956,0,0.110837438,0,0.224137931,0.007389163,0.024630542,0,0.056650246,0.056650246,0,0,0.157635468
18.2,0,0,0,0,0,0,0,0,0,0,0,0,0,0,0,0,0,0,0,0,0,0,0,0.002463054,0,0.002463054,0,0,0,0,0,0,0,0,0,0
18.3,0,0,0,0,0,0,0,0,0,0,0,0,0,0.027093596,0,0,0,0,0,0,0,0,0,0,0,0,0,0.002463054,0,0,0,0,0,0,0,0
18.4,0,0,0,0,0,0,0,0,0,0,0,0,0,0,0,0,0,0,0,0,0,0,0,0,0,0,0,0,0,0,0,0.002463054,0,0,0,0
19,0,0,0,0.204433498,0.25862069,0,0,0.027093596,0,0.049261084,0,0,0,0,0,0,0.177339901,0,0.009852217,0,0,0,0,0.140394089,0,0.096059113,0,0.224137931,0,0.066502463,0,0.061576355,0.07635468,0,0,0.100985222
19.1,0,0,0,0,0,0,0,0,0,0,0,0,0,0,0,0,0,0,0,0,0,0,0,0.002463054,0,0,0,0,0,0,0,0.002463054,0,0,0,0
19.2,0,0,0,0.004926108,0,0,0,0,0,0,0,0,0,0,0,0,0,0,0,0,0,0,0,0,0,0,0,0,0,0,0,0,0,0,0,0
19.3,0,0,0,0,0,0,0,0,0,0,0,0,0,0.002463054,0,0,0,0,0,0,0,0,0,0,0,0,0,0,0,0,0,0,0,0,0,0
20,0,0,0,0.221674877,0.147783251,0,0,0.004926108,0,0.019704433,0,0,0,0,0,0,0.113300493,0,0,0,0,0,0,0.0591133,0,0.18226601,0,0.145320197,0,0.02955665,0,0.061576355,0.064039409,0,0,0.017241379
20.1,0,0,0,0,0,0,0,0,0,0,0,0,0,0,0,0,0,0,0,0,0,0,0,0.002463054,0,0,0,0,0,0,0,0,0,0,0,0
20.2,0,0,0,0,0,0,0,0,0,0,0,0,0,0,0,0,0,0,0,0,0,0,0,0,0,0,0,0,0,0,0,0,0.004926108,0,0,0
20.3,0,0,0,0,0,0,0,0,0,0,0,0,0,0,0,0,0,0,0,0,0,0,0,0,0,0,0,0.004926108,0,0,0,0,0,0,0,0
21,0,0,0,0.187192118,0.113300493,0,0,0,0,0.019704433,0,0,0,0,0,0,0.019704433,0,0,0,0,0,0,0.004926108,0,0.088669951,0,0.167487685,0,0.115763547,0,0.032019704,0.041871921,0,0,0
21.2,0,0,0,0,0,0,0,0,0,0,0,0,0,0,0,0,0,0,0,0,0,0,0,0,0,0,0,0,0,0.007389163,0,0,0.017241379,0,0,0
21.3,0,0,0,0,0,0,0,0,0,0,0,0,0,0,0,0,0,0,0,0,0,0,0,0,0,0.002463054,0,0,0,0,0,0,0.002463054,0,0,0
22,0,0,0,0.091133005,0.083743842,0,0,0,0,0.02955665,0,0,0,0,0,0,0.04679803,0,0,0,0,0,0,0,0,0.091133005,0,0.093596059,0,0.194581281,0,0.014778325,0.017241379,0,0,0
22.2,0,0,0,0,0,0,0,0,0,0,0,0,0,0,0,0,0,0,0,0,0,0,0,0,0,0,0,0,0,0.007389163,0,0,0.017241379,0,0,0
22.3,0,0,0,0,0,0,0,0,0,0,0,0,0,0,0,0,0,0,0,0,0,0,0,0.002463054,0,0,0,0,0,0,0,0,0,0,0,0
23,0,0,0,0.022167488,0.04679803,0,0,0,0,0.007389163,0,0,0,0,0,0,0.177339901,0,0,0,0,0,0,0,0,0.177339901,0,0.049261084,0,0.172413793,0,0.002463054,0.012315271,0,0,0
23.2,0,0,0,0,0,0,0,0,0,0,0,0,0,0,0,0,0,0,0,0,0,0,0,0,0,0,0,0,0,0.017241379,0,0,0.02955665,0,0,0
24,0,0,0,0,0.044334975,0,0,0,0,0,0,0,0,0,0,0,0.187192118,0,0,0,0,0,0,0,0,0.128078818,0,0.012315271,0,0.21182266,0,0.004926108,0.002463054,0,0,0
24.2,0,0,0,0,0,0,0,0,0,0,0,0,0,0,0,0,0,0,0,0,0,0,0,0,0,0,0,0,0,0.004926108,0,0,0.061576355,0,0,0
25,0,0,0,0.002463054,0.017241379,0,0,0,0,0.002463054,0,0,0,0,0,0,0.086206897,0,0,0,0,0,0,0,0,0.103448276,0,0,0,0.098522167,0,0.002463054,0,0,0,0
25.2,0,0,0,0,0,0,0,0,0,0,0,0,0,0,0,0,0,0,0,0,0,0,0,0,0,0,0,0,0,0.002463054,0,0,0.051724138,0,0,0
26,0,0,0,0,0,0,0,0,0,0,0,0,0,0,0,0,0.002463054,0,0,0,0,0,0,0,0,0.009852217,0,0,0,0.034482759,0,0,0.002463054,0,0,0
26.2,0,0,0,0,0,0,0,0,0,0,0,0,0,0,0,0,0,0,0,0,0,0,0,0,0,0,0,0,0,0.002463054,0,0,0.073891626,0,0,0
26.3,0,0,0,0,0,0,0,0,0,0,0,0,0,0,0,0,0,0,0,0,0,0,0,0,0,0,0,0,0,0,0,0,0.007389163,0,0,0
27,0,0,0,0,0,0,0,0,0,0,0,0,0,0,0.002463054,0,0.002463054,0,0,0,0,0,0,0,0,0.002463054,0,0,0,0.009852217,0,0,0.002463054,0,0,0
27.2,0,0,0,0,0,0,0,0,0,0,0,0,0,0,0,0,0,0,0,0,0,0,0,0,0,0,0,0,0,0,0,0,0.078817734,0,0,0
27.3,0,0,0,0,0,0,0,0,0,0,0,0,0,0,0,0,0,0,0,0,0,0,0,0,0,0,0,0,0,0,0,0,0.007389163,0,0,0
28,0,0,0,0,0,0,0,0,0,0,0,0,0,0,0.066502463,0,0,0,0,0,0,0,0,0,0,0,0,0,0,0,0,0,0,0,0,0
28.2,0,0,0,0,0,0,0,0,0,0,0,0,0,0,0.022167488,0,0,0,0,0,0,0,0,0,0,0,0,0,0,0,0,0,0.064039409,0,0,0
29,0,0,0,0,0,0,0,0,0,0,0,0,0,0,0.206896552,0,0,0,0,0,0,0,0,0,0,0,0,0,0,0,0,0,0,0,0,0
29.2,0,0,0,0,0,0,0,0,0,0,0,0,0,0,0.002463054,0,0,0,0,0,0,0,0,0,0,0,0,0,0,0,0,0,0.086206897,0,0,0
30,0,0,0,0,0,0,0,0,0,0,0,0,0,0,0.266009852,0,0,0,0,0,0,0,0,0,0,0,0,0,0,0,0,0,0,0,0,0
30.2,0,0,0,0,0,0,0,0,0,0,0,0,0,0,0.007389163,0,0,0,0,0,0,0,0,0,0,0,0,0,0,0,0,0,0.056650246,0,0,0
30.3,0,0,0,0,0,0,0,0,0,0,0,0,0,0,0.002463054,0,0,0,0,0,0,0,0,0,0,0,0,0,0,0,0,0,0,0,0,0
31,0,0,0,0,0,0,0,0,0,0,0,0,0,0,0.088669951,0,0,0,0,0,0,0,0,0,0,0,0,0,0,0,0,0,0,0,0,0
31.1,0,0,0,0,0,0,0,0,0,0,0,0,0,0,0.002463054,0,0,0,0,0,0,0,0,0,0,0,0,0,0,0,0,0,0,0,0,0
31.2,0,0,0,0,0,0,0,0,0,0,0,0,0,0,0.064039409,0,0,0,0,0,0,0,0,0,0,0,0,0,0,0,0,0,0.034482759,0,0,0
32,0,0,0,0,0,0,0,0,0,0,0,0,0,0,0.04679803,0,0,0,0,0,0,0,0,0,0,0,0,0,0,0,0,0,0,0,0,0
32.2,0,0,0,0,0,0,0,0,0,0,0,0,0,0,0.142857143,0,0,0,0,0,0,0,0,0,0,0,0,0,0,0,0,0,0.004926108,0,0,0
33,0,0,0,0,0,0,0,0,0,0,0,0,0,0,0.007389163,0,0,0,0,0,0,0,0,0,0,0,0,0,0,0,0,0,0,0,0,0
33.1,0,0,0,0,0,0,0,0,0,0,0,0,0,0,0.004926108,0,0,0,0,0,0,0,0,0,0,0,0,0,0,0,0,0,0,0,0,0
33.2,0,0,0,0,0,0,0,0,0,0,0,0,0,0,0.0591133,0,0,0,0,0,0,0,0,0,0,0,0,0,0,0,0,0,0.004926108,0,0,0
34,0,0,0,0,0,0,0,0,0,0,0,0,0,0,0.002463054,0,0,0,0,0,0,0,0,0,0,0,0,0,0,0,0,0,0,0,0,0
34.1,0,0,0,0,0,0,0,0,0,0,0,0,0,0,0,0,0,0,0,0,0,0,0,0,0,0,0,0,0,0,0,0,0.002463054,0,0,0
34.2,0,0,0,0,0,0,0,0,0,0,0,0,0,0,0.004926108,0,0,0,0,0,0,0,0,0,0,0,0,0,0,0,0,0,0.002463054,0,0,0
35.2,0,0,0,0,0,0,0,0,0,0,0,0,0,0,0,0,0,0,0,0,0,0,0,0,0,0,0,0,0,0,0,0,0.002463054,0,0,0
