Allele,D3S1358,vWA,D16S539,CSF1PO,TPOX,Y indel,D8S1179,D21S11,D18S51,DYS391,D2S441,D19S433,TH01,FGA,D22S1045,D5S818,D13S317,D7S820,SE33,D10S1248,D1S1656,D12S391,D2S1338,PENTA E,PENTA D
1,0,0,0,0,0,0,0,0,0,0,0,0,0,0,0,0,0,0,0,0,0,0,0,0,0
2,0,0,0,0,0,1,0,0,0,0,0,0,0,0,0,0,0,0,0,0,0,0,0,0,0
2.2,0,0,0,0,0,0,0,0,0,0,0,0,0,0,0,0,0,0,0,0,0,0,0,0,0.0026
3.2,0,0,0,0,0,0,0,0,0,0,0,0,0,0,0,0,0,0,0,0,0,0,0,0,0
4.2,0,0,0,0,0,0,0,0,0,0,0,0,0,0,0,0,0,0,0,0,0,0,0,0,0
5,0,0,0,0,0,0,0,0,0,0,0,0,0,0,0,0,0,0,0,0,0,0,0,0,0
6,0,0,0,0,0,0,0,0,0,0,0,0,0.2891,0,0,0,0,0,0,0,0,0,0,0,0
6.4,0,0,0,0,0,0,0,0,0,0,0,0,0,0,0,0,0,0,0,0,0,0,0,0,0
7,0,0,0,0,0,0,0,0,0,0,0,0,0.4219,0,0,0.1354,0,0.0078,0,0,0,0,0,0.0156,0
8,0,0,0.0026,0.0052,0.3021,0,0,0,0,0,0,0,0.0208,0,0,0.013,0.0104,0.0573,0,0,0,0,0,0.0026,0.0026
8.3,0,0,0,0,0,0,0,0,0,0,0,0,0,0,0,0,0,0,0,0,0,0,0,0,0
9,0,0,0.0964,0.0286,0.0052,0,0.0052,0,0,0.033,0.0026,0,0.0443,0,0,0.0182,0.3073,0.0182,0,0,0,0,0,0.0026,0.276
9.1,0,0,0,0,0,0,0,0,0,0,0,0,0,0,0,0,0,0,0,0,0,0,0,0,0
9.3,0,0,0,0,0,0,0,0,0,0,0,0,0.2214,0,0,0,0,0,0,0,0,0,0,0,0
10,0,0,0.224,0.237,0.0286,0,0.138,0,0.0026,0.8132,0.4531,0,0.0026,0,0,0.112,0.0729,0.1927,0,0,0.0182,0,0,0,0.1719
10.2,0,0,0,0,0,0,0,0,0,0,0,0,0,0,0,0,0,0,0,0,0,0,0,0,0
10.3,0,0,0,0,0,0,0,0,0,0,0,0,0,0,0,0,0,0,0,0,0,0,0,0,0
11,0,0,0.138,0.2708,0.3307,0,0.0469,0,0.0052,0.1538,0.4323,0,0,0,0.112,0.5547,0.2292,0.4271,0,0,0.0104,0,0,0.0078,0.1563
11.2,0,0,0,0,0,0,0,0,0,0,0,0,0,0,0,0,0,0,0,0,0,0,0,0,0
11.3,0,0,0,0,0,0,0,0,0,0,0.0052,0,0,0,0,0,0,0,0,0,0,0,0,0,0
12,0,0,0.3984,0.4036,0.3333,0,0.0651,0,0.1068,0,0.0286,0.0104,0,0,0.0026,0.0703,0.2318,0.2839,0,0.0026,0,0,0,0.099,0.1875
12.2,0,0,0,0,0,0,0,0,0,0,0,0.0052,0,0,0,0,0,0,0,0,0,0,0,0,0
12.3,0,0,0,0,0,0,0,0,0,0,0,0,0,0,0,0,0,0,0,0,0,0,0,0,0
13,0.0026,0,0.1328,0.0469,0,0,0.2917,0,0.2005,0,0.0026,0.2604,0,0,0.0026,0.0938,0.1328,0.013,0,0.112,0.0938,0,0,0.1745,0.1901
13.2,0,0,0,0,0,0,0,0,0.0052,0,0,0.1693,0,0,0,0,0,0,0,0,0,0,0,0,0
13.3,0,0,0,0,0,0,0,0,0,0,0,0,0,0,0,0,0,0,0,0,0,0,0,0,0
14,0.0599,0.0313,0.0078,0.0078,0,0,0.3333,0,0.1641,0,0.0703,0.2266,0,0,0.0208,0.0026,0.0156,0,0.0026,0.4531,0.1198,0,0,0.1615,0.013
14.2,0,0,0,0,0,0,0,0,0,0,0,0.0495,0,0,0,0,0,0,0,0,0,0,0,0,0
14.3,0,0,0,0,0,0,0,0,0,0,0,0,0,0,0,0,0,0,0,0,0,0,0,0,0
15,0.6849,0.0156,0,0,0,0,0.1172,0,0.0729,0,0.0052,0.1849,0,0,0.4193,0,0,0,0.0052,0.3542,0.125,0.0078,0,0.0833,0
15.2,0,0,0,0,0,0,0,0,0,0,0,0.0443,0,0,0,0,0,0,0.0026,0,0,0,0,0,0
15.3,0,0,0,0,0,0,0,0,0,0,0,0,0,0,0,0,0,0,0,0,0,0,0,0,0
16,0.1849,0.5182,0,0,0,0,0.0026,0,0.2604,0,0,0.0234,0,0,0.3333,0,0,0,0.0521,0.0729,0.2083,0.0339,0.0026,0.1432,0
16.1,0,0,0,0,0,0,0,0,0,0,0,0,0,0,0,0,0,0,0,0,0,0,0,0,0
16.2,0,0,0,0,0,0,0,0,0,0,0,0.026,0,0,0,0,0,0,0,0,0,0,0,0,0
16.3,0,0,0,0,0,0,0,0,0,0,0,0,0,0,0,0,0,0,0,0,0.0391,0,0,0,0
16.4,0,0,0,0,0,0,0,0,0,0,0,0,0,0,0,0,0,0,0,0,0,0,0,0,0
17,0.0443,0.2057,0,0,0,0,0,0,0.112,0,0,0,0,0,0.0938,0,0,0,0.0313,0.0052,0.1094,0.1198,0.0443,0.1484,0
17.1,0,0,0,0,0,0,0,0,0,0,0,0,0,0,0,0,0,0,0,0,0,0,0,0,0
17.2,0,0,0,0,0,0,0,0,0,0,0,0,0,0,0,0,0,0,0,0,0,0,0,0,0
17.3,0,0,0,0,0,0,0,0,0,0,0,0,0,0,0,0,0,0,0,0,0.151,0,0,0,0
18,0.0234,0.1432,0,0,0,0,0,0,0.0417,0,0,0,0,0.0026,0.0104,0,0,0,0.2161,0,0.0104,0.1927,0.0234,0.0651,0
18.2,0,0,0,0,0,0,0,0,0,0,0,0,0,0,0,0,0,0,0.0052,0,0,0,0,0,0
18.3,0,0,0,0,0,0,0,0,0,0,0,0,0,0,0,0,0,0,0,0,0.0938,0.0026,0,0,0
19,0,0.0625,0,0,0,0,0,0,0.0104,0,0,0,0,0.2031,0.0052,0,0,0,0.0651,0,0,0.263,0.3281,0.0286,0
19.1,0,0,0,0,0,0,0,0,0,0,0,0,0,0,0,0,0,0,0,0,0,0,0,0,0
19.2,0,0,0,0,0,0,0,0,0,0,0,0,0,0,0,0,0,0,0.0026,0,0,0.0026,0,0,0
19.3,0,0,0,0,0,0,0,0,0,0,0,0,0,0,0,0,0,0,0,0,0.0208,0,0,0,0
20,0,0.0234,0,0,0,0,0,0,0.0078,0,0,0,0,0.1172,0,0,0,0,0.0755,0,0,0.2682,0.1901,0.0495,0
20.2,0,0,0,0,0,0,0,0,0,0,0,0,0,0,0,0,0,0,0,0,0,0,0,0,0
20.3,0,0,0,0,0,0,0,0,0,0,0,0,0,0,0,0,0,0,0,0,0,0,0,0,0
21,0,0,0,0,0,0,0,0,0.0078,0,0,0,0,0.0755,0,0,0,0,0.0078,0,0,0.0677,0.0625,0.013,0
21.2,0,0,0,0,0,0,0,0,0,0,0,0,0,0,0,0,0,0,0,0,0,0,0,0,0
22,0,0,0,0,0,0,0,0,0.0026,0,0,0,0,0.0573,0,0,0,0,0.0104,0,0,0.0208,0.1641,0.0052,0
22.2,0,0,0,0,0,0,0,0,0,0,0,0,0,0,0,0,0,0,0,0,0,0,0,0,0
22.3,0,0,0,0,0,0,0,0,0,0,0,0,0,0,0,0,0,0,0,0,0,0,0.0026,0,0
23,0,0,0,0,0,0,0,0,0,0,0,0,0,0.0521,0,0,0,0,0,0,0,0.0208,0.0859,0,0
23.2,0,0,0,0,0,0,0,0,0,0,0,0,0,0,0,0,0,0,0.0026,0,0,0,0,0,0
24,0,0,0,0,0,0,0,0,0,0,0,0,0,0.1536,0,0,0,0,0,0,0,0,0.0651,0,0
24.2,0,0,0,0,0,0,0,0,0,0,0,0,0,0,0,0,0,0,0.0026,0,0,0,0,0,0
24.3,0,0,0,0,0,0,0,0,0,0,0,0,0,0,0,0,0,0,0,0,0,0,0,0,0
25,0,0,0,0,0,0,0,0,0,0,0,0,0,0.2318,0,0,0,0,0,0,0,0,0.0156,0,0
25.2,0,0,0,0,0,0,0,0,0,0,0,0,0,0,0,0,0,0,0.0313,0,0,0,0,0,0
26,0,0,0,0,0,0,0,0,0,0,0,0,0,0.0885,0,0,0,0,0,0,0,0,0.0078,0,0
26.2,0,0,0,0,0,0,0,0,0,0,0,0,0,0,0,0,0,0,0.0443,0,0,0,0,0,0
27,0,0,0,0,0,0,0,0.0026,0,0,0,0,0,0.013,0,0,0,0,0,0,0,0,0.0078,0,0
>27,0,0,0,0,0,0,0,0,0,0,0,0,0,0,0,0,0,0,0,0,0,0,0,0,0
27.2,0,0,0,0,0,0,0,0,0,0,0,0,0,0,0,0,0,0,0.0677,0,0,0,0,0,0
28,0,0,0,0,0,0,0,0.0234,0,0,0,0,0,0.0052,0,0,0,0,0,0,0,0,0,0,0
28.2,0,0,0,0,0,0,0,0,0,0,0,0,0,0,0,0,0,0,0.1797,0,0,0,0,0,0
29,0,0,0,0,0,0,0,0.1198,0,0,0,0,0,0,0,0,0,0,0,0,0,0,0,0,0
29.2,0,0,0,0,0,0,0,0.0052,0,0,0,0,0,0,0,0,0,0,0.0599,0,0,0,0,0,0
29.3,0,0,0,0,0,0,0,0,0,0,0,0,0,0,0,0,0,0,0,0,0,0,0,0,0
30,0,0,0,0,0,0,0,0.5443,0,0,0,0,0,0,0,0,0,0,0,0,0,0,0,0,0
30.2,0,0,0,0,0,0,0,0.0052,0,0,0,0,0,0,0,0,0,0,0.0885,0,0,0,0,0,0
31,0,0,0,0,0,0,0,0.0417,0,0,0,0,0,0,0,0,0,0,0,0,0,0,0,0,0
31.2,0,0,0,0,0,0,0,0.1849,0,0,0,0,0,0,0,0,0,0,0.0313,0,0,0,0,0,0
32,0,0,0,0,0,0,0,0.0078,0,0,0,0,0,0,0,0,0,0,0,0,0,0,0,0,0
32.2,0,0,0,0,0,0,0,0.0573,0,0,0,0,0,0,0,0,0,0,0.0156,0,0,0,0,0,0
33,0,0,0,0,0,0,0,0,0,0,0,0,0,0,0,0,0,0,0,0,0,0,0,0,0
33.2,0,0,0,0,0,0,0,0.0078,0,0,0,0,0,0,0,0,0,0,0,0,0,0,0,0,0
34,0,0,0,0,0,0,0,0,0,0,0,0,0,0,0,0,0,0,0,0,0,0,0,0,0
34.2,0,0,0,0,0,0,0,0,0,0,0,0,0,0,0,0,0,0,0,0,0,0,0,0,0
35,0,0,0,0,0,0,0,0,0,0,0,0,0,0,0,0,0,0,0,0,0,0,0,0,0
35.2,0,0,0,0,0,0,0,0,0,0,0,0,0,0,0,0,0,0,0,0,0,0,0,0,0
36,0,0,0,0,0,0,0,0,0,0,0,0,0,0,0,0,0,0,0,0,0,0,0,0,0
37,0,0,0,0,0,0,0,0,0,0,0,0,0,0,0,0,0,0,0,0,0,0,0,0,0
38,0,0,0,0,0,0,0,0,0,0,0,0,0,0,0,0,0,0,0,0,0,0,0,0,0
42.2,0,0,0,0,0,0,0,0,0,0,0,0,0,0,0,0,0,0,0,0,0,0,0,0,0
43.2,0,0,0,0,0,0,0,0,0,0,0,0,0,0,0,0,0,0,0,0,0,0,0,0,0
44.2,0,0,0,0,0,0,0,0,0,0,0,0,0,0,0,0,0,0,0,0,0,0,0,0,0
45.2,0,0,0,0,0,0,0,0,0,0,0,0,0,0,0,0,0,0,0,0,0,0,0,0,0
46.2,0,0,0,0,0,0,0,0,0,0,0,0,0,0,0,0,0,0,0,0,0,0,0,0,0
47.2,0,0,0,0,0,0,0,0,0,0,0,0,0,0,0,0,0,0,0,0,0,0,0,0,0
48.2,0,0,0,0,0,0,0,0,0,0,0,0,0,0,0,0,0,0,0,0,0,0,0,0,0
50.2,0,0,0,0,0,0,0,0,0,0,0,0,0,0,0,0,0,0,0,0,0,0,0,0,0
51.2,0,0,0,0,0,0,0,0,0,0,0,0,0,0,0,0,0,0,0,0,0,0,0,0,0
