Allele,CSF1PO,D10S1248,D12S391,D13S317,D16S539,D18S51,D19S433,D1S1656,D21S11,D22S1045,D2S1338,D2S441,D3S1358,D5S818,D7S820,D8S1179,FGA,SE33,TH01,TPOX,vWA
-1,0,0,0,0,0,0,0,0,0,0,0,0,0,0,0,0,0,0.002,0,0,0
4.2,0,0,0,0,0,0,0,0,0,0,0,0,0,0,0,0,0,0.002,0,0,0
5.2,0,0,0,0,0,0,0,0,0,0,0,0,0,0,0,0,0,0,0,0,0
6,0,0,0,0,0,0,0,0,0,0,0,0,0,0,0,0,0,0,0.155,0.053,0
7,0.046,0,0,0,0,0,0,0,0,0,0,0,0,0,0.005,0,0,0,0.389,0.009,0
7.1,0,0,0,0,0,0,0,0,0,0,0,0,0,0,0,0,0,0,0,0,0
7.2,0,0,0,0,0,0,0,0,0,0,0,0,0,0,0,0,0,0.002,0,0,0
8,0.048,0,0,0.031,0.029,0,0,0,0,0,0,0,0,0.065,0.196,0,0,0,0.23,0.27,0
9,0.075,0.009,0,0.019,0.198,0,0.002,0,0,0,0,0.002,0,0.024,0.118,0.002,0,0,0.174,0.309,0
9.3,0,0,0,0,0,0,0,0,0,0,0,0,0,0,0,0,0,0,0.041,0,0
10,0.282,0.002,0,0.026,0.108,0.002,0.015,0.003,0,0.027,0,0.036,0,0.065,0.381,0.015,0,0.003,0.009,0.063,0
10.1,0,0,0,0,0,0,0,0,0,0,0,0,0,0,0.002,0,0,0,0,0,0
10.2,0,0,0,0,0,0.002,0,0,0,0,0,0,0,0,0,0,0,0.002,0,0,0
11,0.198,0.073,0,0.299,0.309,0.003,0.068,0.049,0,0.171,0,0.338,0.002,0.166,0.191,0.056,0,0.003,0.002,0.258,0.003
11.1,0,0,0,0,0,0,0,0,0,0,0,0,0,0,0,0,0,0,0,0,0
11.2,0,0,0,0,0,0,0,0,0,0,0,0,0,0,0,0,0,0.015,0,0,0
11.3,0,0,0,0.002,0,0,0,0,0,0,0,0.051,0,0,0,0,0,0,0,0,0
12,0.285,0.131,0,0.394,0.22,0.053,0.108,0.058,0,0.036,0,0.162,0.002,0.391,0.09,0.159,0,0.007,0,0.039,0
12.1,0,0,0,0,0,0,0,0,0,0,0,0,0,0,0,0,0,0,0,0,0
12.2,0,0,0,0,0,0,0.031,0,0,0,0,0,0,0,0,0,0,0.007,0,0,0
12.3,0,0,0,0,0,0,0,0,0,0,0,0.003,0,0,0,0,0,0,0,0,0
13,0.051,0.253,0,0.155,0.128,0.044,0.23,0.119,0,0.009,0,0.043,0.003,0.268,0.017,0.154,0,0.01,0,0,0.01
13.2,0,0,0,0,0,0.002,0.08,0,0,0,0,0,0,0,0,0,0,0.005,0,0,0
14,0.014,0.273,0.007,0.073,0.009,0.058,0.217,0.246,0,0.067,0,0.295,0.077,0.019,0,0.305,0,0.032,0,0,0.072
14.2,0,0,0,0,0,0.002,0.067,0,0,0,0,0,0,0,0,0,0,0.01,0,0,0
14.3,0,0,0,0,0,0,0,0.019,0,0,0,0,0,0,0,0,0,0,0,0,0
15,0.002,0.155,0.097,0.002,0,0.125,0.082,0.193,0,0.268,0.003,0.061,0.345,0.003,0,0.217,0,0.049,0,0,0.22
15.2,0,0,0,0,0,0.003,0.065,0,0,0,0,0,0,0,0,0,0,0.003,0,0,0
15.3,0,0,0,0,0,0,0,0.014,0,0,0,0,0,0,0,0,0,0,0,0,0
16,0,0.089,0.101,0,0,0.179,0.017,0.142,0,0.258,0.063,0.009,0.311,0,0,0.072,0,0.087,0,0,0.225
16.1,0,0,0,0,0,0,0,0,0,0,0,0,0,0,0,0,0.002,0,0,0,0
16.2,0,0,0,0,0,0.007,0.017,0,0,0,0,0,0.002,0,0,0,0,0,0,0,0
16.3,0,0,0,0,0,0,0,0.073,0,0,0,0,0,0,0,0,0,0,0,0,0
17,0,0.014,0.169,0,0,0.174,0.002,0.032,0,0.157,0.123,0,0.201,0,0,0.017,0,0.096,0,0,0.183
17.1,0,0,0.003,0,0,0,0,0,0,0,0,0,0,0,0,0.002,0,0,0,0,0
17.2,0,0,0,0,0,0.003,0,0,0,0,0,0,0.003,0,0,0,0,0.002,0,0,0
17.3,0,0,0.002,0,0,0,0,0.031,0,0,0,0,0,0,0,0,0,0,0,0,0
18,0,0.002,0.254,0,0,0.133,0,0.002,0,0.009,0.06,0,0.053,0,0,0.002,0.015,0.135,0,0,0.154
18.1,0,0,0.002,0,0,0,0,0,0,0,0,0,0,0,0,0,0,0,0,0,0
18.2,0,0,0,0,0,0.002,0,0,0,0,0,0,0,0,0,0,0.003,0,0,0,0
18.3,0,0,0,0,0,0,0,0.012,0,0,0,0,0,0,0,0,0,0,0,0,0
19,0,0,0.128,0,0,0.125,0,0.002,0,0,0.174,0,0.002,0,0,0,0.034,0.113,0,0,0.099
19.1,0,0,0.003,0,0,0,0,0,0,0,0,0,0,0,0,0,0,0,0,0,0
19.2,0,0,0,0,0,0,0,0,0,0,0,0,0,0,0,0,0.007,0,0,0,0
19.3,0,0,0,0,0,0,0,0.005,0,0,0,0,0,0,0,0,0,0,0,0,0
20,0,0,0.058,0,0,0.051,0,0,0,0,0.101,0,0,0,0,0,0.053,0.056,0,0,0.026
20.2,0,0,0,0,0,0,0,0,0,0,0,0,0,0,0,0,0,0.005,0,0,0
21,0,0,0.068,0,0,0.019,0,0,0,0,0.121,0,0,0,0,0,0.096,0.046,0,0,0.009
21.2,0,0,0,0,0,0,0,0,0,0,0,0,0,0,0,0,0,0.01,0,0,0
22,0,0,0.032,0,0,0.014,0,0,0,0,0.133,0,0,0,0,0,0.188,0.015,0,0,0
22.2,0,0,0,0,0,0,0,0,0,0,0,0,0,0,0,0,0,0.007,0,0,0
23,0,0,0.041,0,0,0,0,0,0,0,0.094,0,0,0,0,0,0.179,0.002,0,0,0
23.2,0,0,0,0,0,0,0,0,0,0,0,0,0,0,0,0,0,0.005,0,0,0
23.3,0,0,0,0,0,0,0,0,0,0,0,0,0,0,0,0,0,0,0,0,0
24,0,0,0.017,0,0,0,0,0,0,0,0.049,0,0,0,0,0,0.152,0.002,0,0,0
24.2,0,0,0.002,0,0,0,0,0,0,0,0,0,0,0,0,0,0,0.019,0,0,0
24.3,0,0,0,0,0,0,0,0,0.01,0,0,0,0,0,0,0,0,0,0,0,0
25,0,0,0.01,0,0,0,0,0,0,0,0.048,0,0,0,0,0,0.113,0,0,0,0
25.2,0,0,0.002,0,0,0,0,0,0,0,0,0,0,0,0,0,0,0.027,0,0,0
25.3,0,0,0,0,0,0,0,0,0.003,0,0,0,0,0,0,0,0,0,0,0,0
26,0,0,0.003,0,0,0,0,0,0.003,0,0.024,0,0,0,0,0,0.073,0,0,0,0
26.1,0,0,0,0,0,0,0,0,0,0,0,0,0,0,0,0,0.002,0,0,0,0
26.2,0,0,0,0,0,0,0,0,0,0,0,0,0,0,0,0,0,0.068,0,0,0
27,0,0,0,0,0,0,0,0,0.061,0,0.007,0,0,0,0,0,0.029,0,0,0,0
27.2,0,0,0,0,0,0,0,0,0,0,0,0,0,0,0,0,0,0.051,0,0,0
28,0,0,0,0,0,0,0,0,0.242,0,0,0,0,0,0,0,0.024,0.003,0,0,0
28.2,0,0,0,0,0,0,0,0,0,0,0,0,0,0,0,0,0,0.032,0,0,0
29,0,0,0,0,0,0,0,0,0.206,0,0,0,0,0,0,0,0.014,0,0,0,0
29.2,0,0,0,0,0,0,0,0,0,0,0,0,0,0,0,0,0,0.041,0,0,0
30,0,0,0,0,0,0,0,0,0.183,0,0,0,0,0,0,0,0.007,0,0,0,0
30.2,0,0,0,0,0,0,0,0,0.005,0,0,0,0,0,0,0,0.002,0.009,0,0,0
31,0,0,0,0,0,0,0,0,0.077,0,0,0,0,0,0,0,0.002,0,0,0,0
31.2,0,0,0,0,0,0,0,0,0.034,0,0,0,0,0,0,0,0.002,0.007,0,0,0
32,0,0,0,0,0,0,0,0,0.015,0,0,0,0,0,0,0,0,0,0,0,0
32.1,0,0,0,0,0,0,0,0,0,0,0,0,0,0,0,0,0,0,0,0,0
32.2,0,0,0,0,0,0,0,0,0.06,0,0,0,0,0,0,0,0,0.003,0,0,0
33,0,0,0,0,0,0,0,0,0.003,0,0,0,0,0,0,0,0.002,0.002,0,0,0
33.1,0,0,0,0,0,0,0,0,0.002,0,0,0,0,0,0,0,0,0,0,0,0
33.2,0,0,0,0,0,0,0,0,0.032,0,0,0,0,0,0,0,0,0.002,0,0,0
34,0,0,0,0,0,0,0,0,0.015,0,0,0,0,0,0,0,0,0.002,0,0,0
34.2,0,0,0,0,0,0,0,0,0.003,0,0,0,0,0,0,0,0,0,0,0,0
35,0,0,0,0,0,0,0,0,0.026,0,0,0,0,0,0,0,0,0,0,0,0
36,0,0,0,0,0,0,0,0,0.014,0,0,0,0,0,0,0,0,0,0,0,0
37,0,0,0,0,0,0,0,0,0.003,0,0,0,0,0,0,0,0,0,0,0,0
38,0,0,0,0,0,0,0,0,0,0,0,0,0,0,0,0,0,0,0,0,0
41.2,0,0,0,0,0,0,0,0,0,0,0,0,0,0,0,0,0,0,0,0,0
42.2,0,0,0,0,0,0,0,0,0,0,0,0,0,0,0,0,0.002,0,0,0,0
43.2,0,0,0,0,0,0,0,0,0,0,0,0,0,0,0,0,0.002,0,0,0,0
44.2,0,0,0,0,0,0,0,0,0,0,0,0,0,0,0,0,0,0,0,0,0
