Locus,Allele,Ratio,Slope,Intercept
D8S1179,8,0.032135,,
D8S1179,9,0.041949,,
D8S1179,10,0.051101,,
D8S1179,11,0.061581,,
D8S1179,12,0.067187,,
D8S1179,13,0.062489,,
D8S1179,14,0.068472,,
D8S1179,15,0.071507,,
D8S1179,16,0.077275,,
D8S1179,,,0.00386,0.01347
D21S11,27,0.049874,,
D21S11,28,0.059567,,
D21S11,29,0.067066,,
D21S11,30,0.073661,,
D21S11,30.2,0.06192,,
D21S11,31,0.082509,,
D21S11,31.2,0.069941,,
D21S11,32,0.089483,,
D21S11,32.2,0.082652,,
D21S11,33.2,0.088558,,
D21S11,34.2,0.098926,,
D21S11,,,0.00544,-0.09238
D7S820,,,0.009,-0.04644
CSF1PO,,,0.0089,-0.04532
D3S1358,,,0.00864,-0.06007
TH01,4,0.00208,,
TH01,5,0.00788,,
TH01,6,0.01368,,
TH01,7,0.01948,,
TH01,8,0.02528,,
TH01,8.3,0.00788,,
TH01,9,0.03108,,
TH01,9.3,0.01368,,
TH01,10,0.03688,,
TH01,10.3,0.01368,,
TH01,11,0.04268,,
TH01,12,0.04848,,
TH01,13.3,0.02528,,
TH01,,,0.00071,0.01257
D13S317,,,0.00978,-0.05993
D16S539,,,0.0095,-0.04992
D2S1338,17,0.057366,,
D2S1338,18,0.06344,,
D2S1338,19,0.071804,,
D2S1338,20,0.07572,,
D2S1338,21,0.074898,,
D2S1338,22,0.071679,,
D2S1338,23,0.077289,,
D2S1338,24,0.088794,,
D2S1338,25,0.095316,,
D2S1338,26,0.106217,,
D2S1338,,,0.00412,-0.01099
D19S433,15,0.08102,,
D19S433,15.2,0.09035,,
D19S433,16,0.09035,,
D19S433,16.2,0.09968,,
D19S433,17,0.09968,,
D19S433,17.2,0.104345,,
D19S433,18,0.10901,,
D19S433,18.2,0.11834,,
D19S433,19.2,0.12767,,
D19S433,,,0.00976,-0.0629
vWA,13,0.036429,,
vWA,14,0.025025,,
vWA,15,0.054637,,
vWA,16,0.060796,,
vWA,17,0.069335,,
vWA,18,0.081601,,
vWA,19,0.089414,,
vWA,20,0.116309,,
vWA,,,0.01358,-0.16093
TPOX,,,0.00576,-0.02718
D18S51,,,0.00739,-0.03531
AMEL,,,0,0.04779
D5S818,,,0.00821,-0.03431
FGA,26,0.10285,,
FGA,27,0.114851,,
FGA,28,0.082764,,
FGA,,,0.00689,-0.08074
D2S441,,,0.0004994,0.0383696
D22S1045,,,0.0132905,-0.121361
SE33,,,0.0023892,0.0337142
D10S1248,,,0.0089586,-0.051293
D1S1656,,,0.0037751,0.0140849
D12S391,,,0.0078784,-0.0741925
